v 0 0 0
v 0 0 1
v 0 1 0
v 0 1 1
v 0 2 0
v 0 2 1
v 0 3 0
v 0 3 1
v 0 4 0
v 0 4 1
v 0 5 0
v 0 5 1
v 0 6 0
v 0 6 1
v 0 7 0
v 0 7 1
v 0 8 0
v 0 8 1
v 0 9 0
v 0 9 1
v 0 10 0
v 0 10 1
v 0 11 0
v 0 11 1
v 0 12 0
v 0 12 1
v 0 13 0
v 0 13 1
v 0 14 0
v 0 14 1
v 0 15 0
v 0 15 1
v 0 16 0
v 0 16 1
v 0 17 0
v 0 17 1
v 0 18 0
v 0 18 1
v 0 19 0
v 0 19 1
v 0 20 0
v 0 20 1
v 0 21 0
v 0 21 1
v 0 22 0
v 0 22 1
v 0 23 0
v 0 23 1
v 0 24 0
v 0 24 1
v 0 25 0
v 0 25 1
v 0 26 0
v 0 26 1
v 0 27 0
v 0 27 1
v 0 28 0
v 0 28 1
v 0 29 0
v 0 29 1
v 0 30 0
v 0 30 1
v 0 31 0
v 0 31 1
v 0 32 0
v 0 32 1
v 0 33 0
v 0 33 1
v 0 34 0
v 0 34 1
v 0 35 0
v 0 35 1
v 0 36 0
v 0 36 1
v 0 37 0
v 0 37 1
v 0 38 0
v 0 38 1
v 0 39 0
v 0 39 1
v 0 40 0
v 0 40 1
v 0 41 0
v 0 41 1
v 0 42 0
v 0 42 1
v 0 43 0
v 0 43 1
v 0 44 0
v 0 44 1
v 0 45 0
v 0 45 1
v 0 46 0
v 0 46 1
v 0 47 0
v 0 47 1
v 0 48 0
v 0 48 1
v 0 49 0
v 0 49 1
v 0 50 0
v 0 50 1
v 1 0 0
v 1 0 1
v 1 1 0
v 1 1 1
v 1 2 0
v 1 2 1
v 1 3 0
v 1 3 1
v 1 4 0
v 1 4 1
v 1 5 0
v 1 5 1
v 1 6 0
v 1 6 1
v 1 7 0
v 1 7 1
v 1 8 0
v 1 8 1
v 1 9 0
v 1 9 1
v 1 10 0
v 1 10 1
v 1 11 0
v 1 11 1
v 1 12 0
v 1 12 1
v 1 13 0
v 1 13 1
v 1 14 0
v 1 14 1
v 1 15 0
v 1 15 1
v 1 16 0
v 1 16 1
v 1 17 0
v 1 17 1
v 1 18 0
v 1 18 1
v 1 19 0
v 1 19 1
v 1 20 0
v 1 20 1
v 1 21 0
v 1 21 1
v 1 22 0
v 1 22 1
v 1 23 0
v 1 23 1
v 1 24 0
v 1 24 1
v 1 25 0
v 1 25 1
v 1 26 0
v 1 26 1
v 1 27 0
v 1 27 1
v 1 28 0
v 1 28 1
v 1 29 0
v 1 29 1
v 1 30 0
v 1 30 1
v 1 31 0
v 1 31 1
v 1 32 0
v 1 32 1
v 1 33 0
v 1 33 1
v 1 34 0
v 1 34 1
v 1 35 0
v 1 35 1
v 1 36 0
v 1 36 1
v 1 37 0
v 1 37 1
v 1 38 0
v 1 38 1
v 1 39 0
v 1 39 1
v 1 40 0
v 1 40 1
v 1 41 0
v 1 41 1
v 1 42 0
v 1 42 1
v 1 43 0
v 1 43 1
v 1 44 0
v 1 44 1
v 1 45 0
v 1 45 1
v 1 46 0
v 1 46 1
v 1 47 0
v 1 47 1
v 1 48 0
v 1 48 1
v 1 49 0
v 1 49 1
v 1 50 0
v 1 50 1
v 2 0 0
v 2 0 1
v 2 1 0
v 2 1 1
v 2 2 0
v 2 2 1
v 2 3 0
v 2 3 1
v 2 4 0
v 2 4 1
v 2 5 0
v 2 5 1
v 2 6 0
v 2 6 1
v 2 7 0
v 2 7 1
v 2 8 0
v 2 8 1
v 2 9 0
v 2 9 1
v 2 10 0
v 2 10 1
v 2 11 0
v 2 11 1
v 2 12 0
v 2 12 1
v 2 13 0
v 2 13 1
v 2 14 0
v 2 14 1
v 2 15 0
v 2 15 1
v 2 16 0
v 2 16 1
v 2 17 0
v 2 17 1
v 2 18 0
v 2 18 1
v 2 19 0
v 2 19 1
v 2 20 0
v 2 20 1
v 2 21 0
v 2 21 1
v 2 22 0
v 2 22 1
v 2 23 0
v 2 23 1
v 2 24 0
v 2 24 1
v 2 25 0
v 2 25 1
v 2 26 0
v 2 26 1
v 2 27 0
v 2 27 1
v 2 28 0
v 2 28 1
v 2 29 0
v 2 29 1
v 2 30 0
v 2 30 1
v 2 31 0
v 2 31 1
v 2 32 0
v 2 32 1
v 2 33 0
v 2 33 1
v 2 34 0
v 2 34 1
v 2 35 0
v 2 35 1
v 2 36 0
v 2 36 1
v 2 37 0
v 2 37 1
v 2 38 0
v 2 38 1
v 2 39 0
v 2 39 1
v 2 40 0
v 2 40 1
v 2 41 0
v 2 41 1
v 2 42 0
v 2 42 1
v 2 43 0
v 2 43 1
v 2 44 0
v 2 44 1
v 2 45 0
v 2 45 1
v 2 46 0
v 2 46 1
v 2 47 0
v 2 47 1
v 2 48 0
v 2 48 1
v 2 49 0
v 2 49 1
v 2 50 0
v 2 50 1
v 3 0 0
v 3 0 1
v 3 1 0
v 3 1 1
v 3 2 0
v 3 2 1
v 3 3 0
v 3 3 1
v 3 4 0
v 3 4 1
v 3 5 0
v 3 5 1
v 3 6 0
v 3 6 1
v 3 7 0
v 3 7 1
v 3 8 0
v 3 8 1
v 3 9 0
v 3 9 1
v 3 10 0
v 3 10 1
v 3 11 0
v 3 11 1
v 3 12 0
v 3 12 1
v 3 13 0
v 3 13 1
v 3 14 0
v 3 14 1
v 3 15 0
v 3 15 1
v 3 16 0
v 3 16 1
v 3 17 0
v 3 17 1
v 3 18 0
v 3 18 1
v 3 19 0
v 3 19 1
v 3 20 0
v 3 20 1
v 3 21 0
v 3 21 1
v 3 22 0
v 3 22 1
v 3 23 0
v 3 23 1
v 3 24 0
v 3 24 1
v 3 25 0
v 3 25 1
v 3 26 0
v 3 26 1
v 3 27 0
v 3 27 1
v 3 28 0
v 3 28 1
v 3 29 0
v 3 29 1
v 3 30 0
v 3 30 1
v 3 31 0
v 3 31 1
v 3 32 0
v 3 32 1
v 3 33 0
v 3 33 1
v 3 34 0
v 3 34 1
v 3 35 0
v 3 35 1
v 3 36 0
v 3 36 1
v 3 37 0
v 3 37 1
v 3 38 0
v 3 38 1
v 3 39 0
v 3 39 1
v 3 40 0
v 3 40 1
v 3 41 0
v 3 41 1
v 3 42 0
v 3 42 1
v 3 43 0
v 3 43 1
v 3 44 0
v 3 44 1
v 3 45 0
v 3 45 1
v 3 46 0
v 3 46 1
v 3 47 0
v 3 47 1
v 3 48 0
v 3 48 1
v 3 49 0
v 3 49 1
v 3 50 0
v 3 50 1
v 4 0 0
v 4 0 1
v 4 1 0
v 4 1 1
v 4 2 0
v 4 2 1
v 4 3 0
v 4 3 1
v 4 4 0
v 4 4 1
v 4 5 0
v 4 5 1
v 4 6 0
v 4 6 1
v 4 7 0
v 4 7 1
v 4 8 0
v 4 8 1
v 4 9 0
v 4 9 1
v 4 10 0
v 4 10 1
v 4 11 0
v 4 11 1
v 4 12 0
v 4 12 1
v 4 13 0
v 4 13 1
v 4 14 0
v 4 14 1
v 4 15 0
v 4 15 1
v 4 16 0
v 4 16 1
v 4 17 0
v 4 17 1
v 4 18 0
v 4 18 1
v 4 19 0
v 4 19 1
v 4 20 0
v 4 20 1
v 4 21 0
v 4 21 1
v 4 22 0
v 4 22 1
v 4 23 0
v 4 23 1
v 4 24 0
v 4 24 1
v 4 25 0
v 4 25 1
v 4 26 0
v 4 26 1
v 4 27 0
v 4 27 1
v 4 28 0
v 4 28 1
v 4 29 0
v 4 29 1
v 4 30 0
v 4 30 1
v 4 31 0
v 4 31 1
v 4 32 0
v 4 32 1
v 4 33 0
v 4 33 1
v 4 34 0
v 4 34 1
v 4 35 0
v 4 35 1
v 4 36 0
v 4 36 1
v 4 37 0
v 4 37 1
v 4 38 0
v 4 38 1
v 4 39 0
v 4 39 1
v 4 40 0
v 4 40 1
v 4 41 0
v 4 41 1
v 4 42 0
v 4 42 1
v 4 43 0
v 4 43 1
v 4 44 0
v 4 44 1
v 4 45 0
v 4 45 1
v 4 46 0
v 4 46 1
v 4 47 0
v 4 47 1
v 4 48 0
v 4 48 1
v 4 49 0
v 4 49 1
v 4 50 0
v 4 50 1
v 5 0 0
v 5 0 1
v 5 1 0
v 5 1 1
v 5 2 0
v 5 2 1
v 5 3 0
v 5 3 1
v 5 4 0
v 5 4 1
v 5 5 0
v 5 5 1
v 5 6 0
v 5 6 1
v 5 7 0
v 5 7 1
v 5 8 0
v 5 8 1
v 5 9 0
v 5 9 1
v 5 10 0
v 5 10 1
v 5 11 0
v 5 11 1
v 5 12 0
v 5 12 1
v 5 13 0
v 5 13 1
v 5 14 0
v 5 14 1
v 5 15 0
v 5 15 1
v 5 16 0
v 5 16 1
v 5 17 0
v 5 17 1
v 5 18 0
v 5 18 1
v 5 19 0
v 5 19 1
v 5 20 0
v 5 20 1
v 5 21 0
v 5 21 1
v 5 22 0
v 5 22 1
v 5 23 0
v 5 23 1
v 5 24 0
v 5 24 1
v 5 25 0
v 5 25 1
v 5 26 0
v 5 26 1
v 5 27 0
v 5 27 1
v 5 28 0
v 5 28 1
v 5 29 0
v 5 29 1
v 5 30 0
v 5 30 1
v 5 31 0
v 5 31 1
v 5 32 0
v 5 32 1
v 5 33 0
v 5 33 1
v 5 34 0
v 5 34 1
v 5 35 0
v 5 35 1
v 5 36 0
v 5 36 1
v 5 37 0
v 5 37 1
v 5 38 0
v 5 38 1
v 5 39 0
v 5 39 1
v 5 40 0
v 5 40 1
v 5 41 0
v 5 41 1
v 5 42 0
v 5 42 1
v 5 43 0
v 5 43 1
v 5 44 0
v 5 44 1
v 5 45 0
v 5 45 1
v 5 46 0
v 5 46 1
v 5 47 0
v 5 47 1
v 5 48 0
v 5 48 1
v 5 49 0
v 5 49 1
v 5 50 0
v 5 50 1
v 6 0 0
v 6 0 1
v 6 1 0
v 6 1 1
v 6 2 0
v 6 2 1
v 6 3 0
v 6 3 1
v 6 4 0
v 6 4 1
v 6 5 0
v 6 5 1
v 6 6 0
v 6 6 1
v 6 7 0
v 6 7 1
v 6 8 0
v 6 8 1
v 6 9 0
v 6 9 1
v 6 10 0
v 6 10 1
v 6 11 0
v 6 11 1
v 6 12 0
v 6 12 1
v 6 13 0
v 6 13 1
v 6 14 0
v 6 14 1
v 6 15 0
v 6 15 1
v 6 16 0
v 6 16 1
v 6 17 0
v 6 17 1
v 6 18 0
v 6 18 1
v 6 19 0
v 6 19 1
v 6 20 0
v 6 20 1
v 6 21 0
v 6 21 1
v 6 22 0
v 6 22 1
v 6 23 0
v 6 23 1
v 6 24 0
v 6 24 1
v 6 25 0
v 6 25 1
v 6 26 0
v 6 26 1
v 6 27 0
v 6 27 1
v 6 28 0
v 6 28 1
v 6 29 0
v 6 29 1
v 6 30 0
v 6 30 1
v 6 31 0
v 6 31 1
v 6 32 0
v 6 32 1
v 6 33 0
v 6 33 1
v 6 34 0
v 6 34 1
v 6 35 0
v 6 35 1
v 6 36 0
v 6 36 1
v 6 37 0
v 6 37 1
v 6 38 0
v 6 38 1
v 6 39 0
v 6 39 1
v 6 40 0
v 6 40 1
v 6 41 0
v 6 41 1
v 6 42 0
v 6 42 1
v 6 43 0
v 6 43 1
v 6 44 0
v 6 44 1
v 6 45 0
v 6 45 1
v 6 46 0
v 6 46 1
v 6 47 0
v 6 47 1
v 6 48 0
v 6 48 1
v 6 49 0
v 6 49 1
v 6 50 0
v 6 50 1
v 7 0 0
v 7 0 1
v 7 1 0
v 7 1 1
v 7 2 0
v 7 2 1
v 7 3 0
v 7 3 1
v 7 4 0
v 7 4 1
v 7 5 0
v 7 5 1
v 7 6 0
v 7 6 1
v 7 7 0
v 7 7 1
v 7 8 0
v 7 8 1
v 7 9 0
v 7 9 1
v 7 10 0
v 7 10 1
v 7 11 0
v 7 11 1
v 7 12 0
v 7 12 1
v 7 13 0
v 7 13 1
v 7 14 0
v 7 14 1
v 7 15 0
v 7 15 1
v 7 16 0
v 7 16 1
v 7 17 0
v 7 17 1
v 7 18 0
v 7 18 1
v 7 19 0
v 7 19 1
v 7 20 0
v 7 20 1
v 7 21 0
v 7 21 1
v 7 22 0
v 7 22 1
v 7 23 0
v 7 23 1
v 7 24 0
v 7 24 1
v 7 25 0
v 7 25 1
v 7 26 0
v 7 26 1
v 7 27 0
v 7 27 1
v 7 28 0
v 7 28 1
v 7 29 0
v 7 29 1
v 7 30 0
v 7 30 1
v 7 31 0
v 7 31 1
v 7 32 0
v 7 32 1
v 7 33 0
v 7 33 1
v 7 34 0
v 7 34 1
v 7 35 0
v 7 35 1
v 7 36 0
v 7 36 1
v 7 37 0
v 7 37 1
v 7 38 0
v 7 38 1
v 7 39 0
v 7 39 1
v 7 40 0
v 7 40 1
v 7 41 0
v 7 41 1
v 7 42 0
v 7 42 1
v 7 43 0
v 7 43 1
v 7 44 0
v 7 44 1
v 7 45 0
v 7 45 1
v 7 46 0
v 7 46 1
v 7 47 0
v 7 47 1
v 7 48 0
v 7 48 1
v 7 49 0
v 7 49 1
v 7 50 0
v 7 50 1
v 8 0 0
v 8 0 1
v 8 1 0
v 8 1 1
v 8 2 0
v 8 2 1
v 8 3 0
v 8 3 1
v 8 4 0
v 8 4 1
v 8 5 0
v 8 5 1
v 8 6 0
v 8 6 1
v 8 7 0
v 8 7 1
v 8 8 0
v 8 8 1
v 8 9 0
v 8 9 1
v 8 10 0
v 8 10 1
v 8 11 0
v 8 11 1
v 8 12 0
v 8 12 1
v 8 13 0
v 8 13 1
v 8 14 0
v 8 14 1
v 8 15 0
v 8 15 1
v 8 16 0
v 8 16 1
v 8 17 0
v 8 17 1
v 8 18 0
v 8 18 1
v 8 19 0
v 8 19 1
v 8 20 0
v 8 20 1
v 8 21 0
v 8 21 1
v 8 22 0
v 8 22 1
v 8 23 0
v 8 23 1
v 8 24 0
v 8 24 1
v 8 25 0
v 8 25 1
v 8 26 0
v 8 26 1
v 8 27 0
v 8 27 1
v 8 28 0
v 8 28 1
v 8 29 0
v 8 29 1
v 8 30 0
v 8 30 1
v 8 31 0
v 8 31 1
v 8 32 0
v 8 32 1
v 8 33 0
v 8 33 1
v 8 34 0
v 8 34 1
v 8 35 0
v 8 35 1
v 8 36 0
v 8 36 1
v 8 37 0
v 8 37 1
v 8 38 0
v 8 38 1
v 8 39 0
v 8 39 1
v 8 40 0
v 8 40 1
v 8 41 0
v 8 41 1
v 8 42 0
v 8 42 1
v 8 43 0
v 8 43 1
v 8 44 0
v 8 44 1
v 8 45 0
v 8 45 1
v 8 46 0
v 8 46 1
v 8 47 0
v 8 47 1
v 8 48 0
v 8 48 1
v 8 49 0
v 8 49 1
v 8 50 0
v 8 50 1
v 9 0 0
v 9 0 1
v 9 1 0
v 9 1 1
v 9 2 0
v 9 2 1
v 9 3 0
v 9 3 1
v 9 4 0
v 9 4 1
v 9 5 0
v 9 5 1
v 9 6 0
v 9 6 1
v 9 7 0
v 9 7 1
v 9 8 0
v 9 8 1
v 9 9 0
v 9 9 1
v 9 10 0
v 9 10 1
v 9 11 0
v 9 11 1
v 9 12 0
v 9 12 1
v 9 13 0
v 9 13 1
v 9 14 0
v 9 14 1
v 9 15 0
v 9 15 1
v 9 16 0
v 9 16 1
v 9 17 0
v 9 17 1
v 9 18 0
v 9 18 1
v 9 19 0
v 9 19 1
v 9 20 0
v 9 20 1
v 9 21 0
v 9 21 1
v 9 22 0
v 9 22 1
v 9 23 0
v 9 23 1
v 9 24 0
v 9 24 1
v 9 25 0
v 9 25 1
v 9 26 0
v 9 26 1
v 9 27 0
v 9 27 1
v 9 28 0
v 9 28 1
v 9 29 0
v 9 29 1
v 9 30 0
v 9 30 1
v 9 31 0
v 9 31 1
v 9 32 0
v 9 32 1
v 9 33 0
v 9 33 1
v 9 34 0
v 9 34 1
v 9 35 0
v 9 35 1
v 9 36 0
v 9 36 1
v 9 37 0
v 9 37 1
v 9 38 0
v 9 38 1
v 9 39 0
v 9 39 1
v 9 40 0
v 9 40 1
v 9 41 0
v 9 41 1
v 9 42 0
v 9 42 1
v 9 43 0
v 9 43 1
v 9 44 0
v 9 44 1
v 9 45 0
v 9 45 1
v 9 46 0
v 9 46 1
v 9 47 0
v 9 47 1
v 9 48 0
v 9 48 1
v 9 49 0
v 9 49 1
v 9 50 0
v 9 50 1
v 10 0 0
v 10 0 1
v 10 1 0
v 10 1 1
v 10 2 0
v 10 2 1
v 10 3 0
v 10 3 1
v 10 4 0
v 10 4 1
v 10 5 0
v 10 5 1
v 10 6 0
v 10 6 1
v 10 7 0
v 10 7 1
v 10 8 0
v 10 8 1
v 10 9 0
v 10 9 1
v 10 10 0
v 10 10 1
v 10 11 0
v 10 11 1
v 10 12 0
v 10 12 1
v 10 13 0
v 10 13 1
v 10 14 0
v 10 14 1
v 10 15 0
v 10 15 1
v 10 16 0
v 10 16 1
v 10 17 0
v 10 17 1
v 10 18 0
v 10 18 1
v 10 19 0
v 10 19 1
v 10 20 0
v 10 20 1
v 10 21 0
v 10 21 1
v 10 22 0
v 10 22 1
v 10 23 0
v 10 23 1
v 10 24 0
v 10 24 1
v 10 25 0
v 10 25 1
v 10 26 0
v 10 26 1
v 10 27 0
v 10 27 1
v 10 28 0
v 10 28 1
v 10 29 0
v 10 29 1
v 10 30 0
v 10 30 1
v 10 31 0
v 10 31 1
v 10 32 0
v 10 32 1
v 10 33 0
v 10 33 1
v 10 34 0
v 10 34 1
v 10 35 0
v 10 35 1
v 10 36 0
v 10 36 1
v 10 37 0
v 10 37 1
v 10 38 0
v 10 38 1
v 10 39 0
v 10 39 1
v 10 40 0
v 10 40 1
v 10 41 0
v 10 41 1
v 10 42 0
v 10 42 1
v 10 43 0
v 10 43 1
v 10 44 0
v 10 44 1
v 10 45 0
v 10 45 1
v 10 46 0
v 10 46 1
v 10 47 0
v 10 47 1
v 10 48 0
v 10 48 1
v 10 49 0
v 10 49 1
v 10 50 0
v 10 50 1
v 11 0 0
v 11 0 1
v 11 1 0
v 11 1 1
v 11 2 0
v 11 2 1
v 11 3 0
v 11 3 1
v 11 4 0
v 11 4 1
v 11 5 0
v 11 5 1
v 11 6 0
v 11 6 1
v 11 7 0
v 11 7 1
v 11 8 0
v 11 8 1
v 11 9 0
v 11 9 1
v 11 10 0
v 11 10 1
v 11 11 0
v 11 11 1
v 11 12 0
v 11 12 1
v 11 13 0
v 11 13 1
v 11 14 0
v 11 14 1
v 11 15 0
v 11 15 1
v 11 16 0
v 11 16 1
v 11 17 0
v 11 17 1
v 11 18 0
v 11 18 1
v 11 19 0
v 11 19 1
v 11 20 0
v 11 20 1
v 11 21 0
v 11 21 1
v 11 22 0
v 11 22 1
v 11 23 0
v 11 23 1
v 11 24 0
v 11 24 1
v 11 25 0
v 11 25 1
v 11 26 0
v 11 26 1
v 11 27 0
v 11 27 1
v 11 28 0
v 11 28 1
v 11 29 0
v 11 29 1
v 11 30 0
v 11 30 1
v 11 31 0
v 11 31 1
v 11 32 0
v 11 32 1
v 11 33 0
v 11 33 1
v 11 34 0
v 11 34 1
v 11 35 0
v 11 35 1
v 11 36 0
v 11 36 1
v 11 37 0
v 11 37 1
v 11 38 0
v 11 38 1
v 11 39 0
v 11 39 1
v 11 40 0
v 11 40 1
v 11 41 0
v 11 41 1
v 11 42 0
v 11 42 1
v 11 43 0
v 11 43 1
v 11 44 0
v 11 44 1
v 11 45 0
v 11 45 1
v 11 46 0
v 11 46 1
v 11 47 0
v 11 47 1
v 11 48 0
v 11 48 1
v 11 49 0
v 11 49 1
v 11 50 0
v 11 50 1
v 12 0 0
v 12 0 1
v 12 1 0
v 12 1 1
v 12 2 0
v 12 2 1
v 12 3 0
v 12 3 1
v 12 4 0
v 12 4 1
v 12 5 0
v 12 5 1
v 12 6 0
v 12 6 1
v 12 7 0
v 12 7 1
v 12 8 0
v 12 8 1
v 12 9 0
v 12 9 1
v 12 10 0
v 12 10 1
v 12 11 0
v 12 11 1
v 12 12 0
v 12 12 1
v 12 13 0
v 12 13 1
v 12 14 0
v 12 14 1
v 12 15 0
v 12 15 1
v 12 16 0
v 12 16 1
v 12 17 0
v 12 17 1
v 12 18 0
v 12 18 1
v 12 19 0
v 12 19 1
v 12 20 0
v 12 20 1
v 12 21 0
v 12 21 1
v 12 22 0
v 12 22 1
v 12 23 0
v 12 23 1
v 12 24 0
v 12 24 1
v 12 25 0
v 12 25 1
v 12 26 0
v 12 26 1
v 12 27 0
v 12 27 1
v 12 28 0
v 12 28 1
v 12 29 0
v 12 29 1
v 12 30 0
v 12 30 1
v 12 31 0
v 12 31 1
v 12 32 0
v 12 32 1
v 12 33 0
v 12 33 1
v 12 34 0
v 12 34 1
v 12 35 0
v 12 35 1
v 12 36 0
v 12 36 1
v 12 37 0
v 12 37 1
v 12 38 0
v 12 38 1
v 12 39 0
v 12 39 1
v 12 40 0
v 12 40 1
v 12 41 0
v 12 41 1
v 12 42 0
v 12 42 1
v 12 43 0
v 12 43 1
v 12 44 0
v 12 44 1
v 12 45 0
v 12 45 1
v 12 46 0
v 12 46 1
v 12 47 0
v 12 47 1
v 12 48 0
v 12 48 1
v 12 49 0
v 12 49 1
v 12 50 0
v 12 50 1
v 13 0 0
v 13 0 1
v 13 1 0
v 13 1 1
v 13 2 0
v 13 2 1
v 13 3 0
v 13 3 1
v 13 4 0
v 13 4 1
v 13 5 0
v 13 5 1
v 13 6 0
v 13 6 1
v 13 7 0
v 13 7 1
v 13 8 0
v 13 8 1
v 13 9 0
v 13 9 1
v 13 10 0
v 13 10 1
v 13 11 0
v 13 11 1
v 13 12 0
v 13 12 1
v 13 13 0
v 13 13 1
v 13 14 0
v 13 14 1
v 13 15 0
v 13 15 1
v 13 16 0
v 13 16 1
v 13 17 0
v 13 17 1
v 13 18 0
v 13 18 1
v 13 19 0
v 13 19 1
v 13 20 0
v 13 20 1
v 13 21 0
v 13 21 1
v 13 22 0
v 13 22 1
v 13 23 0
v 13 23 1
v 13 24 0
v 13 24 1
v 13 25 0
v 13 25 1
v 13 26 0
v 13 26 1
v 13 27 0
v 13 27 1
v 13 28 0
v 13 28 1
v 13 29 0
v 13 29 1
v 13 30 0
v 13 30 1
v 13 31 0
v 13 31 1
v 13 32 0
v 13 32 1
v 13 33 0
v 13 33 1
v 13 34 0
v 13 34 1
v 13 35 0
v 13 35 1
v 13 36 0
v 13 36 1
v 13 37 0
v 13 37 1
v 13 38 0
v 13 38 1
v 13 39 0
v 13 39 1
v 13 40 0
v 13 40 1
v 13 41 0
v 13 41 1
v 13 42 0
v 13 42 1
v 13 43 0
v 13 43 1
v 13 44 0
v 13 44 1
v 13 45 0
v 13 45 1
v 13 46 0
v 13 46 1
v 13 47 0
v 13 47 1
v 13 48 0
v 13 48 1
v 13 49 0
v 13 49 1
v 13 50 0
v 13 50 1
v 14 0 0
v 14 0 1
v 14 1 0
v 14 1 1
v 14 2 0
v 14 2 1
v 14 3 0
v 14 3 1
v 14 4 0
v 14 4 1
v 14 5 0
v 14 5 1
v 14 6 0
v 14 6 1
v 14 7 0
v 14 7 1
v 14 8 0
v 14 8 1
v 14 9 0
v 14 9 1
v 14 10 0
v 14 10 1
v 14 11 0
v 14 11 1
v 14 12 0
v 14 12 1
v 14 13 0
v 14 13 1
v 14 14 0
v 14 14 1
v 14 15 0
v 14 15 1
v 14 16 0
v 14 16 1
v 14 17 0
v 14 17 1
v 14 18 0
v 14 18 1
v 14 19 0
v 14 19 1
v 14 20 0
v 14 20 1
v 14 21 0
v 14 21 1
v 14 22 0
v 14 22 1
v 14 23 0
v 14 23 1
v 14 24 0
v 14 24 1
v 14 25 0
v 14 25 1
v 14 26 0
v 14 26 1
v 14 27 0
v 14 27 1
v 14 28 0
v 14 28 1
v 14 29 0
v 14 29 1
v 14 30 0
v 14 30 1
v 14 31 0
v 14 31 1
v 14 32 0
v 14 32 1
v 14 33 0
v 14 33 1
v 14 34 0
v 14 34 1
v 14 35 0
v 14 35 1
v 14 36 0
v 14 36 1
v 14 37 0
v 14 37 1
v 14 38 0
v 14 38 1
v 14 39 0
v 14 39 1
v 14 40 0
v 14 40 1
v 14 41 0
v 14 41 1
v 14 42 0
v 14 42 1
v 14 43 0
v 14 43 1
v 14 44 0
v 14 44 1
v 14 45 0
v 14 45 1
v 14 46 0
v 14 46 1
v 14 47 0
v 14 47 1
v 14 48 0
v 14 48 1
v 14 49 0
v 14 49 1
v 14 50 0
v 14 50 1
v 15 0 0
v 15 0 1
v 15 1 0
v 15 1 1
v 15 2 0
v 15 2 1
v 15 3 0
v 15 3 1
v 15 4 0
v 15 4 1
v 15 5 0
v 15 5 1
v 15 6 0
v 15 6 1
v 15 7 0
v 15 7 1
v 15 8 0
v 15 8 1
v 15 9 0
v 15 9 1
v 15 10 0
v 15 10 1
v 15 11 0
v 15 11 1
v 15 12 0
v 15 12 1
v 15 13 0
v 15 13 1
v 15 14 0
v 15 14 1
v 15 15 0
v 15 15 1
v 15 16 0
v 15 16 1
v 15 17 0
v 15 17 1
v 15 18 0
v 15 18 1
v 15 19 0
v 15 19 1
v 15 20 0
v 15 20 1
v 15 21 0
v 15 21 1
v 15 22 0
v 15 22 1
v 15 23 0
v 15 23 1
v 15 24 0
v 15 24 1
v 15 25 0
v 15 25 1
v 15 26 0
v 15 26 1
v 15 27 0
v 15 27 1
v 15 28 0
v 15 28 1
v 15 29 0
v 15 29 1
v 15 30 0
v 15 30 1
v 15 31 0
v 15 31 1
v 15 32 0
v 15 32 1
v 15 33 0
v 15 33 1
v 15 34 0
v 15 34 1
v 15 35 0
v 15 35 1
v 15 36 0
v 15 36 1
v 15 37 0
v 15 37 1
v 15 38 0
v 15 38 1
v 15 39 0
v 15 39 1
v 15 40 0
v 15 40 1
v 15 41 0
v 15 41 1
v 15 42 0
v 15 42 1
v 15 43 0
v 15 43 1
v 15 44 0
v 15 44 1
v 15 45 0
v 15 45 1
v 15 46 0
v 15 46 1
v 15 47 0
v 15 47 1
v 15 48 0
v 15 48 1
v 15 49 0
v 15 49 1
v 15 50 0
v 15 50 1
v 16 0 0
v 16 0 1
v 16 1 0
v 16 1 1
v 16 2 0
v 16 2 1
v 16 3 0
v 16 3 1
v 16 4 0
v 16 4 1
v 16 5 0
v 16 5 1
v 16 6 0
v 16 6 1
v 16 7 0
v 16 7 1
v 16 8 0
v 16 8 1
v 16 9 0
v 16 9 1
v 16 10 0
v 16 10 1
v 16 11 0
v 16 11 1
v 16 12 0
v 16 12 1
v 16 13 0
v 16 13 1
v 16 14 0
v 16 14 1
v 16 15 0
v 16 15 1
v 16 16 0
v 16 16 1
v 16 17 0
v 16 17 1
v 16 18 0
v 16 18 1
v 16 19 0
v 16 19 1
v 16 20 0
v 16 20 1
v 16 21 0
v 16 21 1
v 16 22 0
v 16 22 1
v 16 23 0
v 16 23 1
v 16 24 0
v 16 24 1
v 16 25 0
v 16 25 1
v 16 26 0
v 16 26 1
v 16 27 0
v 16 27 1
v 16 28 0
v 16 28 1
v 16 29 0
v 16 29 1
v 16 30 0
v 16 30 1
v 16 31 0
v 16 31 1
v 16 32 0
v 16 32 1
v 16 33 0
v 16 33 1
v 16 34 0
v 16 34 1
v 16 35 0
v 16 35 1
v 16 36 0
v 16 36 1
v 16 37 0
v 16 37 1
v 16 38 0
v 16 38 1
v 16 39 0
v 16 39 1
v 16 40 0
v 16 40 1
v 16 41 0
v 16 41 1
v 16 42 0
v 16 42 1
v 16 43 0
v 16 43 1
v 16 44 0
v 16 44 1
v 16 45 0
v 16 45 1
v 16 46 0
v 16 46 1
v 16 47 0
v 16 47 1
v 16 48 0
v 16 48 1
v 16 49 0
v 16 49 1
v 16 50 0
v 16 50 1
v 17 0 0
v 17 0 1
v 17 1 0
v 17 1 1
v 17 2 0
v 17 2 1
v 17 3 0
v 17 3 1
v 17 4 0
v 17 4 1
v 17 5 0
v 17 5 1
v 17 6 0
v 17 6 1
v 17 7 0
v 17 7 1
v 17 8 0
v 17 8 1
v 17 9 0
v 17 9 1
v 17 10 0
v 17 10 1
v 17 11 0
v 17 11 1
v 17 12 0
v 17 12 1
v 17 13 0
v 17 13 1
v 17 14 0
v 17 14 1
v 17 15 0
v 17 15 1
v 17 16 0
v 17 16 1
v 17 17 0
v 17 17 1
v 17 18 0
v 17 18 1
v 17 19 0
v 17 19 1
v 17 20 0
v 17 20 1
v 17 21 0
v 17 21 1
v 17 22 0
v 17 22 1
v 17 23 0
v 17 23 1
v 17 24 0
v 17 24 1
v 17 25 0
v 17 25 1
v 17 26 0
v 17 26 1
v 17 27 0
v 17 27 1
v 17 28 0
v 17 28 1
v 17 29 0
v 17 29 1
v 17 30 0
v 17 30 1
v 17 31 0
v 17 31 1
v 17 32 0
v 17 32 1
v 17 33 0
v 17 33 1
v 17 34 0
v 17 34 1
v 17 35 0
v 17 35 1
v 17 36 0
v 17 36 1
v 17 37 0
v 17 37 1
v 17 38 0
v 17 38 1
v 17 39 0
v 17 39 1
v 17 40 0
v 17 40 1
v 17 41 0
v 17 41 1
v 17 42 0
v 17 42 1
v 17 43 0
v 17 43 1
v 17 44 0
v 17 44 1
v 17 45 0
v 17 45 1
v 17 46 0
v 17 46 1
v 17 47 0
v 17 47 1
v 17 48 0
v 17 48 1
v 17 49 0
v 17 49 1
v 17 50 0
v 17 50 1
v 18 0 0
v 18 0 1
v 18 1 0
v 18 1 1
v 18 2 0
v 18 2 1
v 18 3 0
v 18 3 1
v 18 4 0
v 18 4 1
v 18 5 0
v 18 5 1
v 18 6 0
v 18 6 1
v 18 7 0
v 18 7 1
v 18 8 0
v 18 8 1
v 18 9 0
v 18 9 1
v 18 10 0
v 18 10 1
v 18 11 0
v 18 11 1
v 18 12 0
v 18 12 1
v 18 13 0
v 18 13 1
v 18 14 0
v 18 14 1
v 18 15 0
v 18 15 1
v 18 16 0
v 18 16 1
v 18 17 0
v 18 17 1
v 18 18 0
v 18 18 1
v 18 19 0
v 18 19 1
v 18 20 0
v 18 20 1
v 18 21 0
v 18 21 1
v 18 22 0
v 18 22 1
v 18 23 0
v 18 23 1
v 18 24 0
v 18 24 1
v 18 25 0
v 18 25 1
v 18 26 0
v 18 26 1
v 18 27 0
v 18 27 1
v 18 28 0
v 18 28 1
v 18 29 0
v 18 29 1
v 18 30 0
v 18 30 1
v 18 31 0
v 18 31 1
v 18 32 0
v 18 32 1
v 18 33 0
v 18 33 1
v 18 34 0
v 18 34 1
v 18 35 0
v 18 35 1
v 18 36 0
v 18 36 1
v 18 37 0
v 18 37 1
v 18 38 0
v 18 38 1
v 18 39 0
v 18 39 1
v 18 40 0
v 18 40 1
v 18 41 0
v 18 41 1
v 18 42 0
v 18 42 1
v 18 43 0
v 18 43 1
v 18 44 0
v 18 44 1
v 18 45 0
v 18 45 1
v 18 46 0
v 18 46 1
v 18 47 0
v 18 47 1
v 18 48 0
v 18 48 1
v 18 49 0
v 18 49 1
v 18 50 0
v 18 50 1
v 19 0 0
v 19 0 1
v 19 1 0
v 19 1 1
v 19 2 0
v 19 2 1
v 19 3 0
v 19 3 1
v 19 4 0
v 19 4 1
v 19 5 0
v 19 5 1
v 19 6 0
v 19 6 1
v 19 7 0
v 19 7 1
v 19 8 0
v 19 8 1
v 19 9 0
v 19 9 1
v 19 10 0
v 19 10 1
v 19 11 0
v 19 11 1
v 19 12 0
v 19 12 1
v 19 13 0
v 19 13 1
v 19 14 0
v 19 14 1
v 19 15 0
v 19 15 1
v 19 16 0
v 19 16 1
v 19 17 0
v 19 17 1
v 19 18 0
v 19 18 1
v 19 19 0
v 19 19 1
v 19 20 0
v 19 20 1
v 19 21 0
v 19 21 1
v 19 22 0
v 19 22 1
v 19 23 0
v 19 23 1
v 19 24 0
v 19 24 1
v 19 25 0
v 19 25 1
v 19 26 0
v 19 26 1
v 19 27 0
v 19 27 1
v 19 28 0
v 19 28 1
v 19 29 0
v 19 29 1
v 19 30 0
v 19 30 1
v 19 31 0
v 19 31 1
v 19 32 0
v 19 32 1
v 19 33 0
v 19 33 1
v 19 34 0
v 19 34 1
v 19 35 0
v 19 35 1
v 19 36 0
v 19 36 1
v 19 37 0
v 19 37 1
v 19 38 0
v 19 38 1
v 19 39 0
v 19 39 1
v 19 40 0
v 19 40 1
v 19 41 0
v 19 41 1
v 19 42 0
v 19 42 1
v 19 43 0
v 19 43 1
v 19 44 0
v 19 44 1
v 19 45 0
v 19 45 1
v 19 46 0
v 19 46 1
v 19 47 0
v 19 47 1
v 19 48 0
v 19 48 1
v 19 49 0
v 19 49 1
v 19 50 0
v 19 50 1
v 20 0 0
v 20 0 1
v 20 1 0
v 20 1 1
v 20 2 0
v 20 2 1
v 20 3 0
v 20 3 1
v 20 4 0
v 20 4 1
v 20 5 0
v 20 5 1
v 20 6 0
v 20 6 1
v 20 7 0
v 20 7 1
v 20 8 0
v 20 8 1
v 20 9 0
v 20 9 1
v 20 10 0
v 20 10 1
v 20 11 0
v 20 11 1
v 20 12 0
v 20 12 1
v 20 13 0
v 20 13 1
v 20 14 0
v 20 14 1
v 20 15 0
v 20 15 1
v 20 16 0
v 20 16 1
v 20 17 0
v 20 17 1
v 20 18 0
v 20 18 1
v 20 19 0
v 20 19 1
v 20 20 0
v 20 20 1
v 20 21 0
v 20 21 1
v 20 22 0
v 20 22 1
v 20 23 0
v 20 23 1
v 20 24 0
v 20 24 1
v 20 25 0
v 20 25 1
v 20 26 0
v 20 26 1
v 20 27 0
v 20 27 1
v 20 28 0
v 20 28 1
v 20 29 0
v 20 29 1
v 20 30 0
v 20 30 1
v 20 31 0
v 20 31 1
v 20 32 0
v 20 32 1
v 20 33 0
v 20 33 1
v 20 34 0
v 20 34 1
v 20 35 0
v 20 35 1
v 20 36 0
v 20 36 1
v 20 37 0
v 20 37 1
v 20 38 0
v 20 38 1
v 20 39 0
v 20 39 1
v 20 40 0
v 20 40 1
v 20 41 0
v 20 41 1
v 20 42 0
v 20 42 1
v 20 43 0
v 20 43 1
v 20 44 0
v 20 44 1
v 20 45 0
v 20 45 1
v 20 46 0
v 20 46 1
v 20 47 0
v 20 47 1
v 20 48 0
v 20 48 1
v 20 49 0
v 20 49 1
v 20 50 0
v 20 50 1
v 21 0 0
v 21 0 1
v 21 1 0
v 21 1 1
v 21 2 0
v 21 2 1
v 21 3 0
v 21 3 1
v 21 4 0
v 21 4 1
v 21 5 0
v 21 5 1
v 21 6 0
v 21 6 1
v 21 7 0
v 21 7 1
v 21 8 0
v 21 8 1
v 21 9 0
v 21 9 1
v 21 10 0
v 21 10 1
v 21 11 0
v 21 11 1
v 21 12 0
v 21 12 1
v 21 13 0
v 21 13 1
v 21 14 0
v 21 14 1
v 21 15 0
v 21 15 1
v 21 16 0
v 21 16 1
v 21 17 0
v 21 17 1
v 21 18 0
v 21 18 1
v 21 19 0
v 21 19 1
v 21 20 0
v 21 20 1
v 21 21 0
v 21 21 1
v 21 22 0
v 21 22 1
v 21 23 0
v 21 23 1
v 21 24 0
v 21 24 1
v 21 25 0
v 21 25 1
v 21 26 0
v 21 26 1
v 21 27 0
v 21 27 1
v 21 28 0
v 21 28 1
v 21 29 0
v 21 29 1
v 21 30 0
v 21 30 1
v 21 31 0
v 21 31 1
v 21 32 0
v 21 32 1
v 21 33 0
v 21 33 1
v 21 34 0
v 21 34 1
v 21 35 0
v 21 35 1
v 21 36 0
v 21 36 1
v 21 37 0
v 21 37 1
v 21 38 0
v 21 38 1
v 21 39 0
v 21 39 1
v 21 40 0
v 21 40 1
v 21 41 0
v 21 41 1
v 21 42 0
v 21 42 1
v 21 43 0
v 21 43 1
v 21 44 0
v 21 44 1
v 21 45 0
v 21 45 1
v 21 46 0
v 21 46 1
v 21 47 0
v 21 47 1
v 21 48 0
v 21 48 1
v 21 49 0
v 21 49 1
v 21 50 0
v 21 50 1
v 22 0 0
v 22 0 1
v 22 1 0
v 22 1 1
v 22 2 0
v 22 2 1
v 22 3 0
v 22 3 1
v 22 4 0
v 22 4 1
v 22 5 0
v 22 5 1
v 22 6 0
v 22 6 1
v 22 7 0
v 22 7 1
v 22 8 0
v 22 8 1
v 22 9 0
v 22 9 1
v 22 10 0
v 22 10 1
v 22 11 0
v 22 11 1
v 22 12 0
v 22 12 1
v 22 13 0
v 22 13 1
v 22 14 0
v 22 14 1
v 22 15 0
v 22 15 1
v 22 16 0
v 22 16 1
v 22 17 0
v 22 17 1
v 22 18 0
v 22 18 1
v 22 19 0
v 22 19 1
v 22 20 0
v 22 20 1
v 22 21 0
v 22 21 1
v 22 22 0
v 22 22 1
v 22 23 0
v 22 23 1
v 22 24 0
v 22 24 1
v 22 25 0
v 22 25 1
v 22 26 0
v 22 26 1
v 22 27 0
v 22 27 1
v 22 28 0
v 22 28 1
v 22 29 0
v 22 29 1
v 22 30 0
v 22 30 1
v 22 31 0
v 22 31 1
v 22 32 0
v 22 32 1
v 22 33 0
v 22 33 1
v 22 34 0
v 22 34 1
v 22 35 0
v 22 35 1
v 22 36 0
v 22 36 1
v 22 37 0
v 22 37 1
v 22 38 0
v 22 38 1
v 22 39 0
v 22 39 1
v 22 40 0
v 22 40 1
v 22 41 0
v 22 41 1
v 22 42 0
v 22 42 1
v 22 43 0
v 22 43 1
v 22 44 0
v 22 44 1
v 22 45 0
v 22 45 1
v 22 46 0
v 22 46 1
v 22 47 0
v 22 47 1
v 22 48 0
v 22 48 1
v 22 49 0
v 22 49 1
v 22 50 0
v 22 50 1
v 23 0 0
v 23 0 1
v 23 1 0
v 23 1 1
v 23 2 0
v 23 2 1
v 23 3 0
v 23 3 1
v 23 4 0
v 23 4 1
v 23 5 0
v 23 5 1
v 23 6 0
v 23 6 1
v 23 7 0
v 23 7 1
v 23 8 0
v 23 8 1
v 23 9 0
v 23 9 1
v 23 10 0
v 23 10 1
v 23 11 0
v 23 11 1
v 23 12 0
v 23 12 1
v 23 13 0
v 23 13 1
v 23 14 0
v 23 14 1
v 23 15 0
v 23 15 1
v 23 16 0
v 23 16 1
v 23 17 0
v 23 17 1
v 23 18 0
v 23 18 1
v 23 19 0
v 23 19 1
v 23 20 0
v 23 20 1
v 23 21 0
v 23 21 1
v 23 22 0
v 23 22 1
v 23 23 0
v 23 23 1
v 23 24 0
v 23 24 1
v 23 25 0
v 23 25 1
v 23 26 0
v 23 26 1
v 23 27 0
v 23 27 1
v 23 28 0
v 23 28 1
v 23 29 0
v 23 29 1
v 23 30 0
v 23 30 1
v 23 31 0
v 23 31 1
v 23 32 0
v 23 32 1
v 23 33 0
v 23 33 1
v 23 34 0
v 23 34 1
v 23 35 0
v 23 35 1
v 23 36 0
v 23 36 1
v 23 37 0
v 23 37 1
v 23 38 0
v 23 38 1
v 23 39 0
v 23 39 1
v 23 40 0
v 23 40 1
v 23 41 0
v 23 41 1
v 23 42 0
v 23 42 1
v 23 43 0
v 23 43 1
v 23 44 0
v 23 44 1
v 23 45 0
v 23 45 1
v 23 46 0
v 23 46 1
v 23 47 0
v 23 47 1
v 23 48 0
v 23 48 1
v 23 49 0
v 23 49 1
v 23 50 0
v 23 50 1
v 24 0 0
v 24 0 1
v 24 1 0
v 24 1 1
v 24 2 0
v 24 2 1
v 24 3 0
v 24 3 1
v 24 4 0
v 24 4 1
v 24 5 0
v 24 5 1
v 24 6 0
v 24 6 1
v 24 7 0
v 24 7 1
v 24 8 0
v 24 8 1
v 24 9 0
v 24 9 1
v 24 10 0
v 24 10 1
v 24 11 0
v 24 11 1
v 24 12 0
v 24 12 1
v 24 13 0
v 24 13 1
v 24 14 0
v 24 14 1
v 24 15 0
v 24 15 1
v 24 16 0
v 24 16 1
v 24 17 0
v 24 17 1
v 24 18 0
v 24 18 1
v 24 19 0
v 24 19 1
v 24 20 0
v 24 20 1
v 24 21 0
v 24 21 1
v 24 22 0
v 24 22 1
v 24 23 0
v 24 23 1
v 24 24 0
v 24 24 1
v 24 25 0
v 24 25 1
v 24 26 0
v 24 26 1
v 24 27 0
v 24 27 1
v 24 28 0
v 24 28 1
v 24 29 0
v 24 29 1
v 24 30 0
v 24 30 1
v 24 31 0
v 24 31 1
v 24 32 0
v 24 32 1
v 24 33 0
v 24 33 1
v 24 34 0
v 24 34 1
v 24 35 0
v 24 35 1
v 24 36 0
v 24 36 1
v 24 37 0
v 24 37 1
v 24 38 0
v 24 38 1
v 24 39 0
v 24 39 1
v 24 40 0
v 24 40 1
v 24 41 0
v 24 41 1
v 24 42 0
v 24 42 1
v 24 43 0
v 24 43 1
v 24 44 0
v 24 44 1
v 24 45 0
v 24 45 1
v 24 46 0
v 24 46 1
v 24 47 0
v 24 47 1
v 24 48 0
v 24 48 1
v 24 49 0
v 24 49 1
v 24 50 0
v 24 50 1
v 25 0 0
v 25 0 1
v 25 1 0
v 25 1 1
v 25 2 0
v 25 2 1
v 25 3 0
v 25 3 1
v 25 4 0
v 25 4 1
v 25 5 0
v 25 5 1
v 25 6 0
v 25 6 1
v 25 7 0
v 25 7 1
v 25 8 0
v 25 8 1
v 25 9 0
v 25 9 1
v 25 10 0
v 25 10 1
v 25 11 0
v 25 11 1
v 25 12 0
v 25 12 1
v 25 13 0
v 25 13 1
v 25 14 0
v 25 14 1
v 25 15 0
v 25 15 1
v 25 16 0
v 25 16 1
v 25 17 0
v 25 17 1
v 25 18 0
v 25 18 1
v 25 19 0
v 25 19 1
v 25 20 0
v 25 20 1
v 25 21 0
v 25 21 1
v 25 22 0
v 25 22 1
v 25 23 0
v 25 23 1
v 25 24 0
v 25 24 1
v 25 25 0
v 25 25 1
v 25 26 0
v 25 26 1
v 25 27 0
v 25 27 1
v 25 28 0
v 25 28 1
v 25 29 0
v 25 29 1
v 25 30 0
v 25 30 1
v 25 31 0
v 25 31 1
v 25 32 0
v 25 32 1
v 25 33 0
v 25 33 1
v 25 34 0
v 25 34 1
v 25 35 0
v 25 35 1
v 25 36 0
v 25 36 1
v 25 37 0
v 25 37 1
v 25 38 0
v 25 38 1
v 25 39 0
v 25 39 1
v 25 40 0
v 25 40 1
v 25 41 0
v 25 41 1
v 25 42 0
v 25 42 1
v 25 43 0
v 25 43 1
v 25 44 0
v 25 44 1
v 25 45 0
v 25 45 1
v 25 46 0
v 25 46 1
v 25 47 0
v 25 47 1
v 25 48 0
v 25 48 1
v 25 49 0
v 25 49 1
v 25 50 0
v 25 50 1
v 26 0 0
v 26 0 1
v 26 1 0
v 26 1 1
v 26 2 0
v 26 2 1
v 26 3 0
v 26 3 1
v 26 4 0
v 26 4 1
v 26 5 0
v 26 5 1
v 26 6 0
v 26 6 1
v 26 7 0
v 26 7 1
v 26 8 0
v 26 8 1
v 26 9 0
v 26 9 1
v 26 10 0
v 26 10 1
v 26 11 0
v 26 11 1
v 26 12 0
v 26 12 1
v 26 13 0
v 26 13 1
v 26 14 0
v 26 14 1
v 26 15 0
v 26 15 1
v 26 16 0
v 26 16 1
v 26 17 0
v 26 17 1
v 26 18 0
v 26 18 1
v 26 19 0
v 26 19 1
v 26 20 0
v 26 20 1
v 26 21 0
v 26 21 1
v 26 22 0
v 26 22 1
v 26 23 0
v 26 23 1
v 26 24 0
v 26 24 1
v 26 25 0
v 26 25 1
v 26 26 0
v 26 26 1
v 26 27 0
v 26 27 1
v 26 28 0
v 26 28 1
v 26 29 0
v 26 29 1
v 26 30 0
v 26 30 1
v 26 31 0
v 26 31 1
v 26 32 0
v 26 32 1
v 26 33 0
v 26 33 1
v 26 34 0
v 26 34 1
v 26 35 0
v 26 35 1
v 26 36 0
v 26 36 1
v 26 37 0
v 26 37 1
v 26 38 0
v 26 38 1
v 26 39 0
v 26 39 1
v 26 40 0
v 26 40 1
v 26 41 0
v 26 41 1
v 26 42 0
v 26 42 1
v 26 43 0
v 26 43 1
v 26 44 0
v 26 44 1
v 26 45 0
v 26 45 1
v 26 46 0
v 26 46 1
v 26 47 0
v 26 47 1
v 26 48 0
v 26 48 1
v 26 49 0
v 26 49 1
v 26 50 0
v 26 50 1
v 27 0 0
v 27 0 1
v 27 1 0
v 27 1 1
v 27 2 0
v 27 2 1
v 27 3 0
v 27 3 1
v 27 4 0
v 27 4 1
v 27 5 0
v 27 5 1
v 27 6 0
v 27 6 1
v 27 7 0
v 27 7 1
v 27 8 0
v 27 8 1
v 27 9 0
v 27 9 1
v 27 10 0
v 27 10 1
v 27 11 0
v 27 11 1
v 27 12 0
v 27 12 1
v 27 13 0
v 27 13 1
v 27 14 0
v 27 14 1
v 27 15 0
v 27 15 1
v 27 16 0
v 27 16 1
v 27 17 0
v 27 17 1
v 27 18 0
v 27 18 1
v 27 19 0
v 27 19 1
v 27 20 0
v 27 20 1
v 27 21 0
v 27 21 1
v 27 22 0
v 27 22 1
v 27 23 0
v 27 23 1
v 27 24 0
v 27 24 1
v 27 25 0
v 27 25 1
v 27 26 0
v 27 26 1
v 27 27 0
v 27 27 1
v 27 28 0
v 27 28 1
v 27 29 0
v 27 29 1
v 27 30 0
v 27 30 1
v 27 31 0
v 27 31 1
v 27 32 0
v 27 32 1
v 27 33 0
v 27 33 1
v 27 34 0
v 27 34 1
v 27 35 0
v 27 35 1
v 27 36 0
v 27 36 1
v 27 37 0
v 27 37 1
v 27 38 0
v 27 38 1
v 27 39 0
v 27 39 1
v 27 40 0
v 27 40 1
v 27 41 0
v 27 41 1
v 27 42 0
v 27 42 1
v 27 43 0
v 27 43 1
v 27 44 0
v 27 44 1
v 27 45 0
v 27 45 1
v 27 46 0
v 27 46 1
v 27 47 0
v 27 47 1
v 27 48 0
v 27 48 1
v 27 49 0
v 27 49 1
v 27 50 0
v 27 50 1
v 28 0 0
v 28 0 1
v 28 1 0
v 28 1 1
v 28 2 0
v 28 2 1
v 28 3 0
v 28 3 1
v 28 4 0
v 28 4 1
v 28 5 0
v 28 5 1
v 28 6 0
v 28 6 1
v 28 7 0
v 28 7 1
v 28 8 0
v 28 8 1
v 28 9 0
v 28 9 1
v 28 10 0
v 28 10 1
v 28 11 0
v 28 11 1
v 28 12 0
v 28 12 1
v 28 13 0
v 28 13 1
v 28 14 0
v 28 14 1
v 28 15 0
v 28 15 1
v 28 16 0
v 28 16 1
v 28 17 0
v 28 17 1
v 28 18 0
v 28 18 1
v 28 19 0
v 28 19 1
v 28 20 0
v 28 20 1
v 28 21 0
v 28 21 1
v 28 22 0
v 28 22 1
v 28 23 0
v 28 23 1
v 28 24 0
v 28 24 1
v 28 25 0
v 28 25 1
v 28 26 0
v 28 26 1
v 28 27 0
v 28 27 1
v 28 28 0
v 28 28 1
v 28 29 0
v 28 29 1
v 28 30 0
v 28 30 1
v 28 31 0
v 28 31 1
v 28 32 0
v 28 32 1
v 28 33 0
v 28 33 1
v 28 34 0
v 28 34 1
v 28 35 0
v 28 35 1
v 28 36 0
v 28 36 1
v 28 37 0
v 28 37 1
v 28 38 0
v 28 38 1
v 28 39 0
v 28 39 1
v 28 40 0
v 28 40 1
v 28 41 0
v 28 41 1
v 28 42 0
v 28 42 1
v 28 43 0
v 28 43 1
v 28 44 0
v 28 44 1
v 28 45 0
v 28 45 1
v 28 46 0
v 28 46 1
v 28 47 0
v 28 47 1
v 28 48 0
v 28 48 1
v 28 49 0
v 28 49 1
v 28 50 0
v 28 50 1
v 29 0 0
v 29 0 1
v 29 1 0
v 29 1 1
v 29 2 0
v 29 2 1
v 29 3 0
v 29 3 1
v 29 4 0
v 29 4 1
v 29 5 0
v 29 5 1
v 29 6 0
v 29 6 1
v 29 7 0
v 29 7 1
v 29 8 0
v 29 8 1
v 29 9 0
v 29 9 1
v 29 10 0
v 29 10 1
v 29 11 0
v 29 11 1
v 29 12 0
v 29 12 1
v 29 13 0
v 29 13 1
v 29 14 0
v 29 14 1
v 29 15 0
v 29 15 1
v 29 16 0
v 29 16 1
v 29 17 0
v 29 17 1
v 29 18 0
v 29 18 1
v 29 19 0
v 29 19 1
v 29 20 0
v 29 20 1
v 29 21 0
v 29 21 1
v 29 22 0
v 29 22 1
v 29 23 0
v 29 23 1
v 29 24 0
v 29 24 1
v 29 25 0
v 29 25 1
v 29 26 0
v 29 26 1
v 29 27 0
v 29 27 1
v 29 28 0
v 29 28 1
v 29 29 0
v 29 29 1
v 29 30 0
v 29 30 1
v 29 31 0
v 29 31 1
v 29 32 0
v 29 32 1
v 29 33 0
v 29 33 1
v 29 34 0
v 29 34 1
v 29 35 0
v 29 35 1
v 29 36 0
v 29 36 1
v 29 37 0
v 29 37 1
v 29 38 0
v 29 38 1
v 29 39 0
v 29 39 1
v 29 40 0
v 29 40 1
v 29 41 0
v 29 41 1
v 29 42 0
v 29 42 1
v 29 43 0
v 29 43 1
v 29 44 0
v 29 44 1
v 29 45 0
v 29 45 1
v 29 46 0
v 29 46 1
v 29 47 0
v 29 47 1
v 29 48 0
v 29 48 1
v 29 49 0
v 29 49 1
v 29 50 0
v 29 50 1
v 30 0 0
v 30 0 1
v 30 1 0
v 30 1 1
v 30 2 0
v 30 2 1
v 30 3 0
v 30 3 1
v 30 4 0
v 30 4 1
v 30 5 0
v 30 5 1
v 30 6 0
v 30 6 1
v 30 7 0
v 30 7 1
v 30 8 0
v 30 8 1
v 30 9 0
v 30 9 1
v 30 10 0
v 30 10 1
v 30 11 0
v 30 11 1
v 30 12 0
v 30 12 1
v 30 13 0
v 30 13 1
v 30 14 0
v 30 14 1
v 30 15 0
v 30 15 1
v 30 16 0
v 30 16 1
v 30 17 0
v 30 17 1
v 30 18 0
v 30 18 1
v 30 19 0
v 30 19 1
v 30 20 0
v 30 20 1
v 30 21 0
v 30 21 1
v 30 22 0
v 30 22 1
v 30 23 0
v 30 23 1
v 30 24 0
v 30 24 1
v 30 25 0
v 30 25 1
v 30 26 0
v 30 26 1
v 30 27 0
v 30 27 1
v 30 28 0
v 30 28 1
v 30 29 0
v 30 29 1
v 30 30 0
v 30 30 1
v 30 31 0
v 30 31 1
v 30 32 0
v 30 32 1
v 30 33 0
v 30 33 1
v 30 34 0
v 30 34 1
v 30 35 0
v 30 35 1
v 30 36 0
v 30 36 1
v 30 37 0
v 30 37 1
v 30 38 0
v 30 38 1
v 30 39 0
v 30 39 1
v 30 40 0
v 30 40 1
v 30 41 0
v 30 41 1
v 30 42 0
v 30 42 1
v 30 43 0
v 30 43 1
v 30 44 0
v 30 44 1
v 30 45 0
v 30 45 1
v 30 46 0
v 30 46 1
v 30 47 0
v 30 47 1
v 30 48 0
v 30 48 1
v 30 49 0
v 30 49 1
v 30 50 0
v 30 50 1
v 31 0 0
v 31 0 1
v 31 1 0
v 31 1 1
v 31 2 0
v 31 2 1
v 31 3 0
v 31 3 1
v 31 4 0
v 31 4 1
v 31 5 0
v 31 5 1
v 31 6 0
v 31 6 1
v 31 7 0
v 31 7 1
v 31 8 0
v 31 8 1
v 31 9 0
v 31 9 1
v 31 10 0
v 31 10 1
v 31 11 0
v 31 11 1
v 31 12 0
v 31 12 1
v 31 13 0
v 31 13 1
v 31 14 0
v 31 14 1
v 31 15 0
v 31 15 1
v 31 16 0
v 31 16 1
v 31 17 0
v 31 17 1
v 31 18 0
v 31 18 1
v 31 19 0
v 31 19 1
v 31 20 0
v 31 20 1
v 31 21 0
v 31 21 1
v 31 22 0
v 31 22 1
v 31 23 0
v 31 23 1
v 31 24 0
v 31 24 1
v 31 25 0
v 31 25 1
v 31 26 0
v 31 26 1
v 31 27 0
v 31 27 1
v 31 28 0
v 31 28 1
v 31 29 0
v 31 29 1
v 31 30 0
v 31 30 1
v 31 31 0
v 31 31 1
v 31 32 0
v 31 32 1
v 31 33 0
v 31 33 1
v 31 34 0
v 31 34 1
v 31 35 0
v 31 35 1
v 31 36 0
v 31 36 1
v 31 37 0
v 31 37 1
v 31 38 0
v 31 38 1
v 31 39 0
v 31 39 1
v 31 40 0
v 31 40 1
v 31 41 0
v 31 41 1
v 31 42 0
v 31 42 1
v 31 43 0
v 31 43 1
v 31 44 0
v 31 44 1
v 31 45 0
v 31 45 1
v 31 46 0
v 31 46 1
v 31 47 0
v 31 47 1
v 31 48 0
v 31 48 1
v 31 49 0
v 31 49 1
v 31 50 0
v 31 50 1
v 32 0 0
v 32 0 1
v 32 1 0
v 32 1 1
v 32 2 0
v 32 2 1
v 32 3 0
v 32 3 1
v 32 4 0
v 32 4 1
v 32 5 0
v 32 5 1
v 32 6 0
v 32 6 1
v 32 7 0
v 32 7 1
v 32 8 0
v 32 8 1
v 32 9 0
v 32 9 1
v 32 10 0
v 32 10 1
v 32 11 0
v 32 11 1
v 32 12 0
v 32 12 1
v 32 13 0
v 32 13 1
v 32 14 0
v 32 14 1
v 32 15 0
v 32 15 1
v 32 16 0
v 32 16 1
v 32 17 0
v 32 17 1
v 32 18 0
v 32 18 1
v 32 19 0
v 32 19 1
v 32 20 0
v 32 20 1
v 32 21 0
v 32 21 1
v 32 22 0
v 32 22 1
v 32 23 0
v 32 23 1
v 32 24 0
v 32 24 1
v 32 25 0
v 32 25 1
v 32 26 0
v 32 26 1
v 32 27 0
v 32 27 1
v 32 28 0
v 32 28 1
v 32 29 0
v 32 29 1
v 32 30 0
v 32 30 1
v 32 31 0
v 32 31 1
v 32 32 0
v 32 32 1
v 32 33 0
v 32 33 1
v 32 34 0
v 32 34 1
v 32 35 0
v 32 35 1
v 32 36 0
v 32 36 1
v 32 37 0
v 32 37 1
v 32 38 0
v 32 38 1
v 32 39 0
v 32 39 1
v 32 40 0
v 32 40 1
v 32 41 0
v 32 41 1
v 32 42 0
v 32 42 1
v 32 43 0
v 32 43 1
v 32 44 0
v 32 44 1
v 32 45 0
v 32 45 1
v 32 46 0
v 32 46 1
v 32 47 0
v 32 47 1
v 32 48 0
v 32 48 1
v 32 49 0
v 32 49 1
v 32 50 0
v 32 50 1
v 33 0 0
v 33 0 1
v 33 1 0
v 33 1 1
v 33 2 0
v 33 2 1
v 33 3 0
v 33 3 1
v 33 4 0
v 33 4 1
v 33 5 0
v 33 5 1
v 33 6 0
v 33 6 1
v 33 7 0
v 33 7 1
v 33 8 0
v 33 8 1
v 33 9 0
v 33 9 1
v 33 10 0
v 33 10 1
v 33 11 0
v 33 11 1
v 33 12 0
v 33 12 1
v 33 13 0
v 33 13 1
v 33 14 0
v 33 14 1
v 33 15 0
v 33 15 1
v 33 16 0
v 33 16 1
v 33 17 0
v 33 17 1
v 33 18 0
v 33 18 1
v 33 19 0
v 33 19 1
v 33 20 0
v 33 20 1
v 33 21 0
v 33 21 1
v 33 22 0
v 33 22 1
v 33 23 0
v 33 23 1
v 33 24 0
v 33 24 1
v 33 25 0
v 33 25 1
v 33 26 0
v 33 26 1
v 33 27 0
v 33 27 1
v 33 28 0
v 33 28 1
v 33 29 0
v 33 29 1
v 33 30 0
v 33 30 1
v 33 31 0
v 33 31 1
v 33 32 0
v 33 32 1
v 33 33 0
v 33 33 1
v 33 34 0
v 33 34 1
v 33 35 0
v 33 35 1
v 33 36 0
v 33 36 1
v 33 37 0
v 33 37 1
v 33 38 0
v 33 38 1
v 33 39 0
v 33 39 1
v 33 40 0
v 33 40 1
v 33 41 0
v 33 41 1
v 33 42 0
v 33 42 1
v 33 43 0
v 33 43 1
v 33 44 0
v 33 44 1
v 33 45 0
v 33 45 1
v 33 46 0
v 33 46 1
v 33 47 0
v 33 47 1
v 33 48 0
v 33 48 1
v 33 49 0
v 33 49 1
v 33 50 0
v 33 50 1
v 34 0 0
v 34 0 1
v 34 1 0
v 34 1 1
v 34 2 0
v 34 2 1
v 34 3 0
v 34 3 1
v 34 4 0
v 34 4 1
v 34 5 0
v 34 5 1
v 34 6 0
v 34 6 1
v 34 7 0
v 34 7 1
v 34 8 0
v 34 8 1
v 34 9 0
v 34 9 1
v 34 10 0
v 34 10 1
v 34 11 0
v 34 11 1
v 34 12 0
v 34 12 1
v 34 13 0
v 34 13 1
v 34 14 0
v 34 14 1
v 34 15 0
v 34 15 1
v 34 16 0
v 34 16 1
v 34 17 0
v 34 17 1
v 34 18 0
v 34 18 1
v 34 19 0
v 34 19 1
v 34 20 0
v 34 20 1
v 34 21 0
v 34 21 1
v 34 22 0
v 34 22 1
v 34 23 0
v 34 23 1
v 34 24 0
v 34 24 1
v 34 25 0
v 34 25 1
v 34 26 0
v 34 26 1
v 34 27 0
v 34 27 1
v 34 28 0
v 34 28 1
v 34 29 0
v 34 29 1
v 34 30 0
v 34 30 1
v 34 31 0
v 34 31 1
v 34 32 0
v 34 32 1
v 34 33 0
v 34 33 1
v 34 34 0
v 34 34 1
v 34 35 0
v 34 35 1
v 34 36 0
v 34 36 1
v 34 37 0
v 34 37 1
v 34 38 0
v 34 38 1
v 34 39 0
v 34 39 1
v 34 40 0
v 34 40 1
v 34 41 0
v 34 41 1
v 34 42 0
v 34 42 1
v 34 43 0
v 34 43 1
v 34 44 0
v 34 44 1
v 34 45 0
v 34 45 1
v 34 46 0
v 34 46 1
v 34 47 0
v 34 47 1
v 34 48 0
v 34 48 1
v 34 49 0
v 34 49 1
v 34 50 0
v 34 50 1
v 35 0 0
v 35 0 1
v 35 1 0
v 35 1 1
v 35 2 0
v 35 2 1
v 35 3 0
v 35 3 1
v 35 4 0
v 35 4 1
v 35 5 0
v 35 5 1
v 35 6 0
v 35 6 1
v 35 7 0
v 35 7 1
v 35 8 0
v 35 8 1
v 35 9 0
v 35 9 1
v 35 10 0
v 35 10 1
v 35 11 0
v 35 11 1
v 35 12 0
v 35 12 1
v 35 13 0
v 35 13 1
v 35 14 0
v 35 14 1
v 35 15 0
v 35 15 1
v 35 16 0
v 35 16 1
v 35 17 0
v 35 17 1
v 35 18 0
v 35 18 1
v 35 19 0
v 35 19 1
v 35 20 0
v 35 20 1
v 35 21 0
v 35 21 1
v 35 22 0
v 35 22 1
v 35 23 0
v 35 23 1
v 35 24 0
v 35 24 1
v 35 25 0
v 35 25 1
v 35 26 0
v 35 26 1
v 35 27 0
v 35 27 1
v 35 28 0
v 35 28 1
v 35 29 0
v 35 29 1
v 35 30 0
v 35 30 1
v 35 31 0
v 35 31 1
v 35 32 0
v 35 32 1
v 35 33 0
v 35 33 1
v 35 34 0
v 35 34 1
v 35 35 0
v 35 35 1
v 35 36 0
v 35 36 1
v 35 37 0
v 35 37 1
v 35 38 0
v 35 38 1
v 35 39 0
v 35 39 1
v 35 40 0
v 35 40 1
v 35 41 0
v 35 41 1
v 35 42 0
v 35 42 1
v 35 43 0
v 35 43 1
v 35 44 0
v 35 44 1
v 35 45 0
v 35 45 1
v 35 46 0
v 35 46 1
v 35 47 0
v 35 47 1
v 35 48 0
v 35 48 1
v 35 49 0
v 35 49 1
v 35 50 0
v 35 50 1
v 36 0 0
v 36 0 1
v 36 1 0
v 36 1 1
v 36 2 0
v 36 2 1
v 36 3 0
v 36 3 1
v 36 4 0
v 36 4 1
v 36 5 0
v 36 5 1
v 36 6 0
v 36 6 1
v 36 7 0
v 36 7 1
v 36 8 0
v 36 8 1
v 36 9 0
v 36 9 1
v 36 10 0
v 36 10 1
v 36 11 0
v 36 11 1
v 36 12 0
v 36 12 1
v 36 13 0
v 36 13 1
v 36 14 0
v 36 14 1
v 36 15 0
v 36 15 1
v 36 16 0
v 36 16 1
v 36 17 0
v 36 17 1
v 36 18 0
v 36 18 1
v 36 19 0
v 36 19 1
v 36 20 0
v 36 20 1
v 36 21 0
v 36 21 1
v 36 22 0
v 36 22 1
v 36 23 0
v 36 23 1
v 36 24 0
v 36 24 1
v 36 25 0
v 36 25 1
v 36 26 0
v 36 26 1
v 36 27 0
v 36 27 1
v 36 28 0
v 36 28 1
v 36 29 0
v 36 29 1
v 36 30 0
v 36 30 1
v 36 31 0
v 36 31 1
v 36 32 0
v 36 32 1
v 36 33 0
v 36 33 1
v 36 34 0
v 36 34 1
v 36 35 0
v 36 35 1
v 36 36 0
v 36 36 1
v 36 37 0
v 36 37 1
v 36 38 0
v 36 38 1
v 36 39 0
v 36 39 1
v 36 40 0
v 36 40 1
v 36 41 0
v 36 41 1
v 36 42 0
v 36 42 1
v 36 43 0
v 36 43 1
v 36 44 0
v 36 44 1
v 36 45 0
v 36 45 1
v 36 46 0
v 36 46 1
v 36 47 0
v 36 47 1
v 36 48 0
v 36 48 1
v 36 49 0
v 36 49 1
v 36 50 0
v 36 50 1
v 37 0 0
v 37 0 1
v 37 1 0
v 37 1 1
v 37 2 0
v 37 2 1
v 37 3 0
v 37 3 1
v 37 4 0
v 37 4 1
v 37 5 0
v 37 5 1
v 37 6 0
v 37 6 1
v 37 7 0
v 37 7 1
v 37 8 0
v 37 8 1
v 37 9 0
v 37 9 1
v 37 10 0
v 37 10 1
v 37 11 0
v 37 11 1
v 37 12 0
v 37 12 1
v 37 13 0
v 37 13 1
v 37 14 0
v 37 14 1
v 37 15 0
v 37 15 1
v 37 16 0
v 37 16 1
v 37 17 0
v 37 17 1
v 37 18 0
v 37 18 1
v 37 19 0
v 37 19 1
v 37 20 0
v 37 20 1
v 37 21 0
v 37 21 1
v 37 22 0
v 37 22 1
v 37 23 0
v 37 23 1
v 37 24 0
v 37 24 1
v 37 25 0
v 37 25 1
v 37 26 0
v 37 26 1
v 37 27 0
v 37 27 1
v 37 28 0
v 37 28 1
v 37 29 0
v 37 29 1
v 37 30 0
v 37 30 1
v 37 31 0
v 37 31 1
v 37 32 0
v 37 32 1
v 37 33 0
v 37 33 1
v 37 34 0
v 37 34 1
v 37 35 0
v 37 35 1
v 37 36 0
v 37 36 1
v 37 37 0
v 37 37 1
v 37 38 0
v 37 38 1
v 37 39 0
v 37 39 1
v 37 40 0
v 37 40 1
v 37 41 0
v 37 41 1
v 37 42 0
v 37 42 1
v 37 43 0
v 37 43 1
v 37 44 0
v 37 44 1
v 37 45 0
v 37 45 1
v 37 46 0
v 37 46 1
v 37 47 0
v 37 47 1
v 37 48 0
v 37 48 1
v 37 49 0
v 37 49 1
v 37 50 0
v 37 50 1
v 38 0 0
v 38 0 1
v 38 1 0
v 38 1 1
v 38 2 0
v 38 2 1
v 38 3 0
v 38 3 1
v 38 4 0
v 38 4 1
v 38 5 0
v 38 5 1
v 38 6 0
v 38 6 1
v 38 7 0
v 38 7 1
v 38 8 0
v 38 8 1
v 38 9 0
v 38 9 1
v 38 10 0
v 38 10 1
v 38 11 0
v 38 11 1
v 38 12 0
v 38 12 1
v 38 13 0
v 38 13 1
v 38 14 0
v 38 14 1
v 38 15 0
v 38 15 1
v 38 16 0
v 38 16 1
v 38 17 0
v 38 17 1
v 38 18 0
v 38 18 1
v 38 19 0
v 38 19 1
v 38 20 0
v 38 20 1
v 38 21 0
v 38 21 1
v 38 22 0
v 38 22 1
v 38 23 0
v 38 23 1
v 38 24 0
v 38 24 1
v 38 25 0
v 38 25 1
v 38 26 0
v 38 26 1
v 38 27 0
v 38 27 1
v 38 28 0
v 38 28 1
v 38 29 0
v 38 29 1
v 38 30 0
v 38 30 1
v 38 31 0
v 38 31 1
v 38 32 0
v 38 32 1
v 38 33 0
v 38 33 1
v 38 34 0
v 38 34 1
v 38 35 0
v 38 35 1
v 38 36 0
v 38 36 1
v 38 37 0
v 38 37 1
v 38 38 0
v 38 38 1
v 38 39 0
v 38 39 1
v 38 40 0
v 38 40 1
v 38 41 0
v 38 41 1
v 38 42 0
v 38 42 1
v 38 43 0
v 38 43 1
v 38 44 0
v 38 44 1
v 38 45 0
v 38 45 1
v 38 46 0
v 38 46 1
v 38 47 0
v 38 47 1
v 38 48 0
v 38 48 1
v 38 49 0
v 38 49 1
v 38 50 0
v 38 50 1
v 39 0 0
v 39 0 1
v 39 1 0
v 39 1 1
v 39 2 0
v 39 2 1
v 39 3 0
v 39 3 1
v 39 4 0
v 39 4 1
v 39 5 0
v 39 5 1
v 39 6 0
v 39 6 1
v 39 7 0
v 39 7 1
v 39 8 0
v 39 8 1
v 39 9 0
v 39 9 1
v 39 10 0
v 39 10 1
v 39 11 0
v 39 11 1
v 39 12 0
v 39 12 1
v 39 13 0
v 39 13 1
v 39 14 0
v 39 14 1
v 39 15 0
v 39 15 1
v 39 16 0
v 39 16 1
v 39 17 0
v 39 17 1
v 39 18 0
v 39 18 1
v 39 19 0
v 39 19 1
v 39 20 0
v 39 20 1
v 39 21 0
v 39 21 1
v 39 22 0
v 39 22 1
v 39 23 0
v 39 23 1
v 39 24 0
v 39 24 1
v 39 25 0
v 39 25 1
v 39 26 0
v 39 26 1
v 39 27 0
v 39 27 1
v 39 28 0
v 39 28 1
v 39 29 0
v 39 29 1
v 39 30 0
v 39 30 1
v 39 31 0
v 39 31 1
v 39 32 0
v 39 32 1
v 39 33 0
v 39 33 1
v 39 34 0
v 39 34 1
v 39 35 0
v 39 35 1
v 39 36 0
v 39 36 1
v 39 37 0
v 39 37 1
v 39 38 0
v 39 38 1
v 39 39 0
v 39 39 1
v 39 40 0
v 39 40 1
v 39 41 0
v 39 41 1
v 39 42 0
v 39 42 1
v 39 43 0
v 39 43 1
v 39 44 0
v 39 44 1
v 39 45 0
v 39 45 1
v 39 46 0
v 39 46 1
v 39 47 0
v 39 47 1
v 39 48 0
v 39 48 1
v 39 49 0
v 39 49 1
v 39 50 0
v 39 50 1
v 40 0 0
v 40 0 1
v 40 1 0
v 40 1 1
v 40 2 0
v 40 2 1
v 40 3 0
v 40 3 1
v 40 4 0
v 40 4 1
v 40 5 0
v 40 5 1
v 40 6 0
v 40 6 1
v 40 7 0
v 40 7 1
v 40 8 0
v 40 8 1
v 40 9 0
v 40 9 1
v 40 10 0
v 40 10 1
v 40 11 0
v 40 11 1
v 40 12 0
v 40 12 1
v 40 13 0
v 40 13 1
v 40 14 0
v 40 14 1
v 40 15 0
v 40 15 1
v 40 16 0
v 40 16 1
v 40 17 0
v 40 17 1
v 40 18 0
v 40 18 1
v 40 19 0
v 40 19 1
v 40 20 0
v 40 20 1
v 40 21 0
v 40 21 1
v 40 22 0
v 40 22 1
v 40 23 0
v 40 23 1
v 40 24 0
v 40 24 1
v 40 25 0
v 40 25 1
v 40 26 0
v 40 26 1
v 40 27 0
v 40 27 1
v 40 28 0
v 40 28 1
v 40 29 0
v 40 29 1
v 40 30 0
v 40 30 1
v 40 31 0
v 40 31 1
v 40 32 0
v 40 32 1
v 40 33 0
v 40 33 1
v 40 34 0
v 40 34 1
v 40 35 0
v 40 35 1
v 40 36 0
v 40 36 1
v 40 37 0
v 40 37 1
v 40 38 0
v 40 38 1
v 40 39 0
v 40 39 1
v 40 40 0
v 40 40 1
v 40 41 0
v 40 41 1
v 40 42 0
v 40 42 1
v 40 43 0
v 40 43 1
v 40 44 0
v 40 44 1
v 40 45 0
v 40 45 1
v 40 46 0
v 40 46 1
v 40 47 0
v 40 47 1
v 40 48 0
v 40 48 1
v 40 49 0
v 40 49 1
v 40 50 0
v 40 50 1
v 41 0 0
v 41 0 1
v 41 1 0
v 41 1 1
v 41 2 0
v 41 2 1
v 41 3 0
v 41 3 1
v 41 4 0
v 41 4 1
v 41 5 0
v 41 5 1
v 41 6 0
v 41 6 1
v 41 7 0
v 41 7 1
v 41 8 0
v 41 8 1
v 41 9 0
v 41 9 1
v 41 10 0
v 41 10 1
v 41 11 0
v 41 11 1
v 41 12 0
v 41 12 1
v 41 13 0
v 41 13 1
v 41 14 0
v 41 14 1
v 41 15 0
v 41 15 1
v 41 16 0
v 41 16 1
v 41 17 0
v 41 17 1
v 41 18 0
v 41 18 1
v 41 19 0
v 41 19 1
v 41 20 0
v 41 20 1
v 41 21 0
v 41 21 1
v 41 22 0
v 41 22 1
v 41 23 0
v 41 23 1
v 41 24 0
v 41 24 1
v 41 25 0
v 41 25 1
v 41 26 0
v 41 26 1
v 41 27 0
v 41 27 1
v 41 28 0
v 41 28 1
v 41 29 0
v 41 29 1
v 41 30 0
v 41 30 1
v 41 31 0
v 41 31 1
v 41 32 0
v 41 32 1
v 41 33 0
v 41 33 1
v 41 34 0
v 41 34 1
v 41 35 0
v 41 35 1
v 41 36 0
v 41 36 1
v 41 37 0
v 41 37 1
v 41 38 0
v 41 38 1
v 41 39 0
v 41 39 1
v 41 40 0
v 41 40 1
v 41 41 0
v 41 41 1
v 41 42 0
v 41 42 1
v 41 43 0
v 41 43 1
v 41 44 0
v 41 44 1
v 41 45 0
v 41 45 1
v 41 46 0
v 41 46 1
v 41 47 0
v 41 47 1
v 41 48 0
v 41 48 1
v 41 49 0
v 41 49 1
v 41 50 0
v 41 50 1
v 42 0 0
v 42 0 1
v 42 1 0
v 42 1 1
v 42 2 0
v 42 2 1
v 42 3 0
v 42 3 1
v 42 4 0
v 42 4 1
v 42 5 0
v 42 5 1
v 42 6 0
v 42 6 1
v 42 7 0
v 42 7 1
v 42 8 0
v 42 8 1
v 42 9 0
v 42 9 1
v 42 10 0
v 42 10 1
v 42 11 0
v 42 11 1
v 42 12 0
v 42 12 1
v 42 13 0
v 42 13 1
v 42 14 0
v 42 14 1
v 42 15 0
v 42 15 1
v 42 16 0
v 42 16 1
v 42 17 0
v 42 17 1
v 42 18 0
v 42 18 1
v 42 19 0
v 42 19 1
v 42 20 0
v 42 20 1
v 42 21 0
v 42 21 1
v 42 22 0
v 42 22 1
v 42 23 0
v 42 23 1
v 42 24 0
v 42 24 1
v 42 25 0
v 42 25 1
v 42 26 0
v 42 26 1
v 42 27 0
v 42 27 1
v 42 28 0
v 42 28 1
v 42 29 0
v 42 29 1
v 42 30 0
v 42 30 1
v 42 31 0
v 42 31 1
v 42 32 0
v 42 32 1
v 42 33 0
v 42 33 1
v 42 34 0
v 42 34 1
v 42 35 0
v 42 35 1
v 42 36 0
v 42 36 1
v 42 37 0
v 42 37 1
v 42 38 0
v 42 38 1
v 42 39 0
v 42 39 1
v 42 40 0
v 42 40 1
v 42 41 0
v 42 41 1
v 42 42 0
v 42 42 1
v 42 43 0
v 42 43 1
v 42 44 0
v 42 44 1
v 42 45 0
v 42 45 1
v 42 46 0
v 42 46 1
v 42 47 0
v 42 47 1
v 42 48 0
v 42 48 1
v 42 49 0
v 42 49 1
v 42 50 0
v 42 50 1
v 43 0 0
v 43 0 1
v 43 1 0
v 43 1 1
v 43 2 0
v 43 2 1
v 43 3 0
v 43 3 1
v 43 4 0
v 43 4 1
v 43 5 0
v 43 5 1
v 43 6 0
v 43 6 1
v 43 7 0
v 43 7 1
v 43 8 0
v 43 8 1
v 43 9 0
v 43 9 1
v 43 10 0
v 43 10 1
v 43 11 0
v 43 11 1
v 43 12 0
v 43 12 1
v 43 13 0
v 43 13 1
v 43 14 0
v 43 14 1
v 43 15 0
v 43 15 1
v 43 16 0
v 43 16 1
v 43 17 0
v 43 17 1
v 43 18 0
v 43 18 1
v 43 19 0
v 43 19 1
v 43 20 0
v 43 20 1
v 43 21 0
v 43 21 1
v 43 22 0
v 43 22 1
v 43 23 0
v 43 23 1
v 43 24 0
v 43 24 1
v 43 25 0
v 43 25 1
v 43 26 0
v 43 26 1
v 43 27 0
v 43 27 1
v 43 28 0
v 43 28 1
v 43 29 0
v 43 29 1
v 43 30 0
v 43 30 1
v 43 31 0
v 43 31 1
v 43 32 0
v 43 32 1
v 43 33 0
v 43 33 1
v 43 34 0
v 43 34 1
v 43 35 0
v 43 35 1
v 43 36 0
v 43 36 1
v 43 37 0
v 43 37 1
v 43 38 0
v 43 38 1
v 43 39 0
v 43 39 1
v 43 40 0
v 43 40 1
v 43 41 0
v 43 41 1
v 43 42 0
v 43 42 1
v 43 43 0
v 43 43 1
v 43 44 0
v 43 44 1
v 43 45 0
v 43 45 1
v 43 46 0
v 43 46 1
v 43 47 0
v 43 47 1
v 43 48 0
v 43 48 1
v 43 49 0
v 43 49 1
v 43 50 0
v 43 50 1
v 44 0 0
v 44 0 1
v 44 1 0
v 44 1 1
v 44 2 0
v 44 2 1
v 44 3 0
v 44 3 1
v 44 4 0
v 44 4 1
v 44 5 0
v 44 5 1
v 44 6 0
v 44 6 1
v 44 7 0
v 44 7 1
v 44 8 0
v 44 8 1
v 44 9 0
v 44 9 1
v 44 10 0
v 44 10 1
v 44 11 0
v 44 11 1
v 44 12 0
v 44 12 1
v 44 13 0
v 44 13 1
v 44 14 0
v 44 14 1
v 44 15 0
v 44 15 1
v 44 16 0
v 44 16 1
v 44 17 0
v 44 17 1
v 44 18 0
v 44 18 1
v 44 19 0
v 44 19 1
v 44 20 0
v 44 20 1
v 44 21 0
v 44 21 1
v 44 22 0
v 44 22 1
v 44 23 0
v 44 23 1
v 44 24 0
v 44 24 1
v 44 25 0
v 44 25 1
v 44 26 0
v 44 26 1
v 44 27 0
v 44 27 1
v 44 28 0
v 44 28 1
v 44 29 0
v 44 29 1
v 44 30 0
v 44 30 1
v 44 31 0
v 44 31 1
v 44 32 0
v 44 32 1
v 44 33 0
v 44 33 1
v 44 34 0
v 44 34 1
v 44 35 0
v 44 35 1
v 44 36 0
v 44 36 1
v 44 37 0
v 44 37 1
v 44 38 0
v 44 38 1
v 44 39 0
v 44 39 1
v 44 40 0
v 44 40 1
v 44 41 0
v 44 41 1
v 44 42 0
v 44 42 1
v 44 43 0
v 44 43 1
v 44 44 0
v 44 44 1
v 44 45 0
v 44 45 1
v 44 46 0
v 44 46 1
v 44 47 0
v 44 47 1
v 44 48 0
v 44 48 1
v 44 49 0
v 44 49 1
v 44 50 0
v 44 50 1
v 45 0 0
v 45 0 1
v 45 1 0
v 45 1 1
v 45 2 0
v 45 2 1
v 45 3 0
v 45 3 1
v 45 4 0
v 45 4 1
v 45 5 0
v 45 5 1
v 45 6 0
v 45 6 1
v 45 7 0
v 45 7 1
v 45 8 0
v 45 8 1
v 45 9 0
v 45 9 1
v 45 10 0
v 45 10 1
v 45 11 0
v 45 11 1
v 45 12 0
v 45 12 1
v 45 13 0
v 45 13 1
v 45 14 0
v 45 14 1
v 45 15 0
v 45 15 1
v 45 16 0
v 45 16 1
v 45 17 0
v 45 17 1
v 45 18 0
v 45 18 1
v 45 19 0
v 45 19 1
v 45 20 0
v 45 20 1
v 45 21 0
v 45 21 1
v 45 22 0
v 45 22 1
v 45 23 0
v 45 23 1
v 45 24 0
v 45 24 1
v 45 25 0
v 45 25 1
v 45 26 0
v 45 26 1
v 45 27 0
v 45 27 1
v 45 28 0
v 45 28 1
v 45 29 0
v 45 29 1
v 45 30 0
v 45 30 1
v 45 31 0
v 45 31 1
v 45 32 0
v 45 32 1
v 45 33 0
v 45 33 1
v 45 34 0
v 45 34 1
v 45 35 0
v 45 35 1
v 45 36 0
v 45 36 1
v 45 37 0
v 45 37 1
v 45 38 0
v 45 38 1
v 45 39 0
v 45 39 1
v 45 40 0
v 45 40 1
v 45 41 0
v 45 41 1
v 45 42 0
v 45 42 1
v 45 43 0
v 45 43 1
v 45 44 0
v 45 44 1
v 45 45 0
v 45 45 1
v 45 46 0
v 45 46 1
v 45 47 0
v 45 47 1
v 45 48 0
v 45 48 1
v 45 49 0
v 45 49 1
v 45 50 0
v 45 50 1
v 46 0 0
v 46 0 1
v 46 1 0
v 46 1 1
v 46 2 0
v 46 2 1
v 46 3 0
v 46 3 1
v 46 4 0
v 46 4 1
v 46 5 0
v 46 5 1
v 46 6 0
v 46 6 1
v 46 7 0
v 46 7 1
v 46 8 0
v 46 8 1
v 46 9 0
v 46 9 1
v 46 10 0
v 46 10 1
v 46 11 0
v 46 11 1
v 46 12 0
v 46 12 1
v 46 13 0
v 46 13 1
v 46 14 0
v 46 14 1
v 46 15 0
v 46 15 1
v 46 16 0
v 46 16 1
v 46 17 0
v 46 17 1
v 46 18 0
v 46 18 1
v 46 19 0
v 46 19 1
v 46 20 0
v 46 20 1
v 46 21 0
v 46 21 1
v 46 22 0
v 46 22 1
v 46 23 0
v 46 23 1
v 46 24 0
v 46 24 1
v 46 25 0
v 46 25 1
v 46 26 0
v 46 26 1
v 46 27 0
v 46 27 1
v 46 28 0
v 46 28 1
v 46 29 0
v 46 29 1
v 46 30 0
v 46 30 1
v 46 31 0
v 46 31 1
v 46 32 0
v 46 32 1
v 46 33 0
v 46 33 1
v 46 34 0
v 46 34 1
v 46 35 0
v 46 35 1
v 46 36 0
v 46 36 1
v 46 37 0
v 46 37 1
v 46 38 0
v 46 38 1
v 46 39 0
v 46 39 1
v 46 40 0
v 46 40 1
v 46 41 0
v 46 41 1
v 46 42 0
v 46 42 1
v 46 43 0
v 46 43 1
v 46 44 0
v 46 44 1
v 46 45 0
v 46 45 1
v 46 46 0
v 46 46 1
v 46 47 0
v 46 47 1
v 46 48 0
v 46 48 1
v 46 49 0
v 46 49 1
v 46 50 0
v 46 50 1
v 47 0 0
v 47 0 1
v 47 1 0
v 47 1 1
v 47 2 0
v 47 2 1
v 47 3 0
v 47 3 1
v 47 4 0
v 47 4 1
v 47 5 0
v 47 5 1
v 47 6 0
v 47 6 1
v 47 7 0
v 47 7 1
v 47 8 0
v 47 8 1
v 47 9 0
v 47 9 1
v 47 10 0
v 47 10 1
v 47 11 0
v 47 11 1
v 47 12 0
v 47 12 1
v 47 13 0
v 47 13 1
v 47 14 0
v 47 14 1
v 47 15 0
v 47 15 1
v 47 16 0
v 47 16 1
v 47 17 0
v 47 17 1
v 47 18 0
v 47 18 1
v 47 19 0
v 47 19 1
v 47 20 0
v 47 20 1
v 47 21 0
v 47 21 1
v 47 22 0
v 47 22 1
v 47 23 0
v 47 23 1
v 47 24 0
v 47 24 1
v 47 25 0
v 47 25 1
v 47 26 0
v 47 26 1
v 47 27 0
v 47 27 1
v 47 28 0
v 47 28 1
v 47 29 0
v 47 29 1
v 47 30 0
v 47 30 1
v 47 31 0
v 47 31 1
v 47 32 0
v 47 32 1
v 47 33 0
v 47 33 1
v 47 34 0
v 47 34 1
v 47 35 0
v 47 35 1
v 47 36 0
v 47 36 1
v 47 37 0
v 47 37 1
v 47 38 0
v 47 38 1
v 47 39 0
v 47 39 1
v 47 40 0
v 47 40 1
v 47 41 0
v 47 41 1
v 47 42 0
v 47 42 1
v 47 43 0
v 47 43 1
v 47 44 0
v 47 44 1
v 47 45 0
v 47 45 1
v 47 46 0
v 47 46 1
v 47 47 0
v 47 47 1
v 47 48 0
v 47 48 1
v 47 49 0
v 47 49 1
v 47 50 0
v 47 50 1
v 48 0 0
v 48 0 1
v 48 1 0
v 48 1 1
v 48 2 0
v 48 2 1
v 48 3 0
v 48 3 1
v 48 4 0
v 48 4 1
v 48 5 0
v 48 5 1
v 48 6 0
v 48 6 1
v 48 7 0
v 48 7 1
v 48 8 0
v 48 8 1
v 48 9 0
v 48 9 1
v 48 10 0
v 48 10 1
v 48 11 0
v 48 11 1
v 48 12 0
v 48 12 1
v 48 13 0
v 48 13 1
v 48 14 0
v 48 14 1
v 48 15 0
v 48 15 1
v 48 16 0
v 48 16 1
v 48 17 0
v 48 17 1
v 48 18 0
v 48 18 1
v 48 19 0
v 48 19 1
v 48 20 0
v 48 20 1
v 48 21 0
v 48 21 1
v 48 22 0
v 48 22 1
v 48 23 0
v 48 23 1
v 48 24 0
v 48 24 1
v 48 25 0
v 48 25 1
v 48 26 0
v 48 26 1
v 48 27 0
v 48 27 1
v 48 28 0
v 48 28 1
v 48 29 0
v 48 29 1
v 48 30 0
v 48 30 1
v 48 31 0
v 48 31 1
v 48 32 0
v 48 32 1
v 48 33 0
v 48 33 1
v 48 34 0
v 48 34 1
v 48 35 0
v 48 35 1
v 48 36 0
v 48 36 1
v 48 37 0
v 48 37 1
v 48 38 0
v 48 38 1
v 48 39 0
v 48 39 1
v 48 40 0
v 48 40 1
v 48 41 0
v 48 41 1
v 48 42 0
v 48 42 1
v 48 43 0
v 48 43 1
v 48 44 0
v 48 44 1
v 48 45 0
v 48 45 1
v 48 46 0
v 48 46 1
v 48 47 0
v 48 47 1
v 48 48 0
v 48 48 1
v 48 49 0
v 48 49 1
v 48 50 0
v 48 50 1
v 49 0 0
v 49 0 1
v 49 1 0
v 49 1 1
v 49 2 0
v 49 2 1
v 49 3 0
v 49 3 1
v 49 4 0
v 49 4 1
v 49 5 0
v 49 5 1
v 49 6 0
v 49 6 1
v 49 7 0
v 49 7 1
v 49 8 0
v 49 8 1
v 49 9 0
v 49 9 1
v 49 10 0
v 49 10 1
v 49 11 0
v 49 11 1
v 49 12 0
v 49 12 1
v 49 13 0
v 49 13 1
v 49 14 0
v 49 14 1
v 49 15 0
v 49 15 1
v 49 16 0
v 49 16 1
v 49 17 0
v 49 17 1
v 49 18 0
v 49 18 1
v 49 19 0
v 49 19 1
v 49 20 0
v 49 20 1
v 49 21 0
v 49 21 1
v 49 22 0
v 49 22 1
v 49 23 0
v 49 23 1
v 49 24 0
v 49 24 1
v 49 25 0
v 49 25 1
v 49 26 0
v 49 26 1
v 49 27 0
v 49 27 1
v 49 28 0
v 49 28 1
v 49 29 0
v 49 29 1
v 49 30 0
v 49 30 1
v 49 31 0
v 49 31 1
v 49 32 0
v 49 32 1
v 49 33 0
v 49 33 1
v 49 34 0
v 49 34 1
v 49 35 0
v 49 35 1
v 49 36 0
v 49 36 1
v 49 37 0
v 49 37 1
v 49 38 0
v 49 38 1
v 49 39 0
v 49 39 1
v 49 40 0
v 49 40 1
v 49 41 0
v 49 41 1
v 49 42 0
v 49 42 1
v 49 43 0
v 49 43 1
v 49 44 0
v 49 44 1
v 49 45 0
v 49 45 1
v 49 46 0
v 49 46 1
v 49 47 0
v 49 47 1
v 49 48 0
v 49 48 1
v 49 49 0
v 49 49 1
v 49 50 0
v 49 50 1
v 50 0 0
v 50 0 1
v 50 1 0
v 50 1 1
v 50 2 0
v 50 2 1
v 50 3 0
v 50 3 1
v 50 4 0
v 50 4 1
v 50 5 0
v 50 5 1
v 50 6 0
v 50 6 1
v 50 7 0
v 50 7 1
v 50 8 0
v 50 8 1
v 50 9 0
v 50 9 1
v 50 10 0
v 50 10 1
v 50 11 0
v 50 11 1
v 50 12 0
v 50 12 1
v 50 13 0
v 50 13 1
v 50 14 0
v 50 14 1
v 50 15 0
v 50 15 1
v 50 16 0
v 50 16 1
v 50 17 0
v 50 17 1
v 50 18 0
v 50 18 1
v 50 19 0
v 50 19 1
v 50 20 0
v 50 20 1
v 50 21 0
v 50 21 1
v 50 22 0
v 50 22 1
v 50 23 0
v 50 23 1
v 50 24 0
v 50 24 1
v 50 25 0
v 50 25 1
v 50 26 0
v 50 26 1
v 50 27 0
v 50 27 1
v 50 28 0
v 50 28 1
v 50 29 0
v 50 29 1
v 50 30 0
v 50 30 1
v 50 31 0
v 50 31 1
v 50 32 0
v 50 32 1
v 50 33 0
v 50 33 1
v 50 34 0
v 50 34 1
v 50 35 0
v 50 35 1
v 50 36 0
v 50 36 1
v 50 37 0
v 50 37 1
v 50 38 0
v 50 38 1
v 50 39 0
v 50 39 1
v 50 40 0
v 50 40 1
v 50 41 0
v 50 41 1
v 50 42 0
v 50 42 1
v 50 43 0
v 50 43 1
v 50 44 0
v 50 44 1
v 50 45 0
v 50 45 1
v 50 46 0
v 50 46 1
v 50 47 0
v 50 47 1
v 50 48 0
v 50 48 1
v 50 49 0
v 50 49 1
v 50 50 0
v 50 50 1
f 104 2 1 103
f 203 101 102 204
f 206 104 103 205
f 305 203 204 306
f 308 206 205 307
f 407 305 306 408
f 410 308 307 409
f 509 407 408 510
f 512 410 409 511
f 611 509 510 612
f 614 512 511 613
f 713 611 612 714
f 716 614 613 715
f 815 713 714 816
f 818 716 715 817
f 917 815 816 918
f 920 818 817 919
f 1019 917 918 1020
f 1022 920 919 1021
f 1121 1019 1020 1122
f 1124 1022 1021 1123
f 1223 1121 1122 1224
f 1226 1124 1123 1225
f 1325 1223 1224 1326
f 1328 1226 1225 1327
f 1427 1325 1326 1428
f 1430 1328 1327 1429
f 1529 1427 1428 1530
f 1532 1430 1429 1531
f 1631 1529 1530 1632
f 1634 1532 1531 1633
f 1733 1631 1632 1734
f 1736 1634 1633 1735
f 1835 1733 1734 1836
f 1838 1736 1735 1837
f 1937 1835 1836 1938
f 1940 1838 1837 1939
f 2039 1937 1938 2040
f 2042 1940 1939 2041
f 2141 2039 2040 2142
f 2144 2042 2041 2143
f 2243 2141 2142 2244
f 2246 2144 2143 2245
f 2345 2243 2244 2346
f 2348 2246 2245 2347
f 2447 2345 2346 2448
f 2450 2348 2347 2449
f 2549 2447 2448 2550
f 2552 2450 2449 2551
f 2651 2549 2550 2652
f 2654 2552 2551 2653
f 2753 2651 2652 2754
f 2756 2654 2653 2755
f 2855 2753 2754 2856
f 2858 2756 2755 2857
f 2957 2855 2856 2958
f 2960 2858 2857 2959
f 3059 2957 2958 3060
f 3062 2960 2959 3061
f 3161 3059 3060 3162
f 3164 3062 3061 3163
f 3263 3161 3162 3264
f 3266 3164 3163 3265
f 3365 3263 3264 3366
f 3368 3266 3265 3367
f 3467 3365 3366 3468
f 3470 3368 3367 3469
f 3569 3467 3468 3570
f 3572 3470 3469 3571
f 3671 3569 3570 3672
f 3674 3572 3571 3673
f 3773 3671 3672 3774
f 3776 3674 3673 3775
f 3875 3773 3774 3876
f 3878 3776 3775 3877
f 3977 3875 3876 3978
f 3980 3878 3877 3979
f 4079 3977 3978 4080
f 4082 3980 3979 4081
f 4181 4079 4080 4182
f 4184 4082 4081 4183
f 4283 4181 4182 4284
f 4286 4184 4183 4285
f 4385 4283 4284 4386
f 4388 4286 4285 4387
f 4487 4385 4386 4488
f 4490 4388 4387 4489
f 4589 4487 4488 4590
f 4592 4490 4489 4591
f 4691 4589 4590 4692
f 4694 4592 4591 4693
f 4793 4691 4692 4794
f 4796 4694 4693 4795
f 4895 4793 4794 4896
f 4898 4796 4795 4897
f 4997 4895 4896 4998
f 5000 4898 4897 4999
f 5099 4997 4998 5100
f 5102 5000 4999 5101
f 5201 5099 5100 5202
f 2 4 3 1
f 4 6 5 3
f 6 8 7 5
f 8 10 9 7
f 10 12 11 9
f 12 14 13 11
f 14 16 15 13
f 16 18 17 15
f 18 20 19 17
f 20 22 21 19
f 22 24 23 21
f 24 26 25 23
f 26 28 27 25
f 28 30 29 27
f 30 32 31 29
f 32 34 33 31
f 34 36 35 33
f 36 38 37 35
f 38 40 39 37
f 40 42 41 39
f 42 44 43 41
f 44 46 45 43
f 46 48 47 45
f 48 50 49 47
f 50 52 51 49
f 52 54 53 51
f 54 56 55 53
f 56 58 57 55
f 58 60 59 57
f 60 62 61 59
f 62 64 63 61
f 64 66 65 63
f 66 68 67 65
f 68 70 69 67
f 70 72 71 69
f 72 74 73 71
f 74 76 75 73
f 76 78 77 75
f 78 80 79 77
f 80 82 81 79
f 82 84 83 81
f 84 86 85 83
f 86 88 87 85
f 88 90 89 87
f 90 92 91 89
f 92 94 93 91
f 94 96 95 93
f 96 98 97 95
f 98 100 99 97
f 100 102 101 99
f 5101 5103 5104 5102
f 5103 5105 5106 5104
f 5105 5107 5108 5106
f 5107 5109 5110 5108
f 5109 5111 5112 5110
f 5111 5113 5114 5112
f 5113 5115 5116 5114
f 5115 5117 5118 5116
f 5117 5119 5120 5118
f 5119 5121 5122 5120
f 5121 5123 5124 5122
f 5123 5125 5126 5124
f 5125 5127 5128 5126
f 5127 5129 5130 5128
f 5129 5131 5132 5130
f 5131 5133 5134 5132
f 5133 5135 5136 5134
f 5135 5137 5138 5136
f 5137 5139 5140 5138
f 5139 5141 5142 5140
f 5141 5143 5144 5142
f 5143 5145 5146 5144
f 5145 5147 5148 5146
f 5147 5149 5150 5148
f 5149 5151 5152 5150
f 5151 5153 5154 5152
f 5153 5155 5156 5154
f 5155 5157 5158 5156
f 5157 5159 5160 5158
f 5159 5161 5162 5160
f 5161 5163 5164 5162
f 5163 5165 5166 5164
f 5165 5167 5168 5166
f 5167 5169 5170 5168
f 5169 5171 5172 5170
f 5171 5173 5174 5172
f 5173 5175 5176 5174
f 5175 5177 5178 5176
f 5177 5179 5180 5178
f 5179 5181 5182 5180
f 5181 5183 5184 5182
f 5183 5185 5186 5184
f 5185 5187 5188 5186
f 5187 5189 5190 5188
f 5189 5191 5192 5190
f 5191 5193 5194 5192
f 5193 5195 5196 5194
f 5195 5197 5198 5196
f 5197 5199 5200 5198
f 5199 5201 5202 5200
f 105 103 1 3
f 4 2 104 106
f 107 105 3 5
f 6 4 106 108
f 109 107 5 7
f 8 6 108 110
f 111 109 7 9
f 10 8 110 112
f 113 111 9 11
f 12 10 112 114
f 115 113 11 13
f 14 12 114 116
f 117 115 13 15
f 16 14 116 118
f 119 117 15 17
f 18 16 118 120
f 121 119 17 19
f 20 18 120 122
f 123 121 19 21
f 22 20 122 124
f 125 123 21 23
f 24 22 124 126
f 127 125 23 25
f 26 24 126 128
f 129 127 25 27
f 28 26 128 130
f 131 129 27 29
f 30 28 130 132
f 133 131 29 31
f 32 30 132 134
f 135 133 31 33
f 34 32 134 136
f 137 135 33 35
f 36 34 136 138
f 139 137 35 37
f 38 36 138 140
f 141 139 37 39
f 40 38 140 142
f 143 141 39 41
f 42 40 142 144
f 145 143 41 43
f 44 42 144 146
f 147 145 43 45
f 46 44 146 148
f 149 147 45 47
f 48 46 148 150
f 151 149 47 49
f 50 48 150 152
f 153 151 49 51
f 52 50 152 154
f 155 153 51 53
f 54 52 154 156
f 157 155 53 55
f 56 54 156 158
f 159 157 55 57
f 58 56 158 160
f 161 159 57 59
f 60 58 160 162
f 163 161 59 61
f 62 60 162 164
f 165 163 61 63
f 64 62 164 166
f 167 165 63 65
f 66 64 166 168
f 169 167 65 67
f 68 66 168 170
f 171 169 67 69
f 70 68 170 172
f 173 171 69 71
f 72 70 172 174
f 175 173 71 73
f 74 72 174 176
f 177 175 73 75
f 76 74 176 178
f 179 177 75 77
f 78 76 178 180
f 181 179 77 79
f 80 78 180 182
f 183 181 79 81
f 82 80 182 184
f 185 183 81 83
f 84 82 184 186
f 187 185 83 85
f 86 84 186 188
f 189 187 85 87
f 88 86 188 190
f 191 189 87 89
f 90 88 190 192
f 193 191 89 91
f 92 90 192 194
f 195 193 91 93
f 94 92 194 196
f 197 195 93 95
f 96 94 196 198
f 199 197 95 97
f 98 96 198 200
f 201 199 97 99
f 100 98 200 202
f 203 201 99 101
f 102 100 202 204
f 207 205 103 105
f 106 104 206 208
f 209 207 105 107
f 108 106 208 210
f 211 209 107 109
f 110 108 210 212
f 213 211 109 111
f 112 110 212 214
f 215 213 111 113
f 114 112 214 216
f 217 215 113 115
f 116 114 216 218
f 219 217 115 117
f 118 116 218 220
f 221 219 117 119
f 120 118 220 222
f 223 221 119 121
f 122 120 222 224
f 225 223 121 123
f 124 122 224 226
f 227 225 123 125
f 126 124 226 228
f 229 227 125 127
f 128 126 228 230
f 231 229 127 129
f 130 128 230 232
f 233 231 129 131
f 132 130 232 234
f 235 233 131 133
f 134 132 234 236
f 237 235 133 135
f 136 134 236 238
f 239 237 135 137
f 138 136 238 240
f 241 239 137 139
f 140 138 240 242
f 243 241 139 141
f 142 140 242 244
f 245 243 141 143
f 144 142 244 246
f 247 245 143 145
f 146 144 246 248
f 249 247 145 147
f 148 146 248 250
f 251 249 147 149
f 150 148 250 252
f 253 251 149 151
f 152 150 252 254
f 255 253 151 153
f 154 152 254 256
f 257 255 153 155
f 156 154 256 258
f 259 257 155 157
f 158 156 258 260
f 261 259 157 159
f 160 158 260 262
f 263 261 159 161
f 162 160 262 264
f 265 263 161 163
f 164 162 264 266
f 267 265 163 165
f 166 164 266 268
f 269 267 165 167
f 168 166 268 270
f 271 269 167 169
f 170 168 270 272
f 273 271 169 171
f 172 170 272 274
f 275 273 171 173
f 174 172 274 276
f 277 275 173 175
f 176 174 276 278
f 279 277 175 177
f 178 176 278 280
f 281 279 177 179
f 180 178 280 282
f 283 281 179 181
f 182 180 282 284
f 285 283 181 183
f 184 182 284 286
f 287 285 183 185
f 186 184 286 288
f 289 287 185 187
f 188 186 288 290
f 291 289 187 189
f 190 188 290 292
f 293 291 189 191
f 192 190 292 294
f 295 293 191 193
f 194 192 294 296
f 297 295 193 195
f 196 194 296 298
f 299 297 195 197
f 198 196 298 300
f 301 299 197 199
f 200 198 300 302
f 303 301 199 201
f 202 200 302 304
f 305 303 201 203
f 204 202 304 306
f 309 307 205 207
f 208 206 308 310
f 311 309 207 209
f 210 208 310 312
f 313 311 209 211
f 212 210 312 314
f 315 313 211 213
f 214 212 314 316
f 317 315 213 215
f 216 214 316 318
f 319 317 215 217
f 218 216 318 320
f 321 319 217 219
f 220 218 320 322
f 323 321 219 221
f 222 220 322 324
f 325 323 221 223
f 224 222 324 326
f 327 325 223 225
f 226 224 326 328
f 329 327 225 227
f 228 226 328 330
f 331 329 227 229
f 230 228 330 332
f 333 331 229 231
f 232 230 332 334
f 335 333 231 233
f 234 232 334 336
f 337 335 233 235
f 236 234 336 338
f 339 337 235 237
f 238 236 338 340
f 341 339 237 239
f 240 238 340 342
f 343 341 239 241
f 242 240 342 344
f 345 343 241 243
f 244 242 344 346
f 347 345 243 245
f 246 244 346 348
f 349 347 245 247
f 248 246 348 350
f 351 349 247 249
f 250 248 350 352
f 353 351 249 251
f 252 250 352 354
f 355 353 251 253
f 254 252 354 356
f 357 355 253 255
f 256 254 356 358
f 359 357 255 257
f 258 256 358 360
f 361 359 257 259
f 260 258 360 362
f 363 361 259 261
f 262 260 362 364
f 365 363 261 263
f 264 262 364 366
f 367 365 263 265
f 266 264 366 368
f 369 367 265 267
f 268 266 368 370
f 371 369 267 269
f 270 268 370 372
f 373 371 269 271
f 272 270 372 374
f 375 373 271 273
f 274 272 374 376
f 377 375 273 275
f 276 274 376 378
f 379 377 275 277
f 278 276 378 380
f 381 379 277 279
f 280 278 380 382
f 383 381 279 281
f 282 280 382 384
f 385 383 281 283
f 284 282 384 386
f 387 385 283 285
f 286 284 386 388
f 389 387 285 287
f 288 286 388 390
f 391 389 287 289
f 290 288 390 392
f 393 391 289 291
f 292 290 392 394
f 395 393 291 293
f 294 292 394 396
f 397 395 293 295
f 296 294 396 398
f 399 397 295 297
f 298 296 398 400
f 401 399 297 299
f 300 298 400 402
f 403 401 299 301
f 302 300 402 404
f 405 403 301 303
f 304 302 404 406
f 407 405 303 305
f 306 304 406 408
f 411 409 307 309
f 310 308 410 412
f 413 411 309 311
f 312 310 412 414
f 415 413 311 313
f 314 312 414 416
f 417 415 313 315
f 316 314 416 418
f 419 417 315 317
f 318 316 418 420
f 421 419 317 319
f 320 318 420 422
f 423 421 319 321
f 322 320 422 424
f 425 423 321 323
f 324 322 424 426
f 427 425 323 325
f 326 324 426 428
f 429 427 325 327
f 328 326 428 430
f 431 429 327 329
f 330 328 430 432
f 433 431 329 331
f 332 330 432 434
f 435 433 331 333
f 334 332 434 436
f 437 435 333 335
f 336 334 436 438
f 439 437 335 337
f 338 336 438 440
f 441 439 337 339
f 340 338 440 442
f 443 441 339 341
f 342 340 442 444
f 445 443 341 343
f 344 342 444 446
f 447 445 343 345
f 346 344 446 448
f 449 447 345 347
f 348 346 448 450
f 451 449 347 349
f 350 348 450 452
f 453 451 349 351
f 352 350 452 454
f 455 453 351 353
f 354 352 454 456
f 457 455 353 355
f 356 354 456 458
f 459 457 355 357
f 358 356 458 460
f 461 459 357 359
f 360 358 460 462
f 463 461 359 361
f 362 360 462 464
f 465 463 361 363
f 364 362 464 466
f 467 465 363 365
f 366 364 466 468
f 469 467 365 367
f 368 366 468 470
f 471 469 367 369
f 370 368 470 472
f 473 471 369 371
f 372 370 472 474
f 475 473 371 373
f 374 372 474 476
f 477 475 373 375
f 376 374 476 478
f 479 477 375 377
f 378 376 478 480
f 481 479 377 379
f 380 378 480 482
f 483 481 379 381
f 382 380 482 484
f 485 483 381 383
f 384 382 484 486
f 487 485 383 385
f 386 384 486 488
f 489 487 385 387
f 388 386 488 490
f 491 489 387 389
f 390 388 490 492
f 493 491 389 391
f 392 390 492 494
f 495 493 391 393
f 394 392 494 496
f 497 495 393 395
f 396 394 496 498
f 499 497 395 397
f 398 396 498 500
f 501 499 397 399
f 400 398 500 502
f 503 501 399 401
f 402 400 502 504
f 505 503 401 403
f 404 402 504 506
f 507 505 403 405
f 406 404 506 508
f 509 507 405 407
f 408 406 508 510
f 513 511 409 411
f 412 410 512 514
f 515 513 411 413
f 414 412 514 516
f 517 515 413 415
f 416 414 516 518
f 519 517 415 417
f 418 416 518 520
f 521 519 417 419
f 420 418 520 522
f 523 521 419 421
f 422 420 522 524
f 525 523 421 423
f 424 422 524 526
f 527 525 423 425
f 426 424 526 528
f 529 527 425 427
f 428 426 528 530
f 531 529 427 429
f 430 428 530 532
f 533 531 429 431
f 432 430 532 534
f 535 533 431 433
f 434 432 534 536
f 537 535 433 435
f 436 434 536 538
f 539 537 435 437
f 438 436 538 540
f 541 539 437 439
f 440 438 540 542
f 543 541 439 441
f 442 440 542 544
f 545 543 441 443
f 444 442 544 546
f 547 545 443 445
f 446 444 546 548
f 549 547 445 447
f 448 446 548 550
f 551 549 447 449
f 450 448 550 552
f 553 551 449 451
f 452 450 552 554
f 555 553 451 453
f 454 452 554 556
f 557 555 453 455
f 456 454 556 558
f 559 557 455 457
f 458 456 558 560
f 561 559 457 459
f 460 458 560 562
f 563 561 459 461
f 462 460 562 564
f 565 563 461 463
f 464 462 564 566
f 567 565 463 465
f 466 464 566 568
f 569 567 465 467
f 468 466 568 570
f 571 569 467 469
f 470 468 570 572
f 573 571 469 471
f 472 470 572 574
f 575 573 471 473
f 474 472 574 576
f 577 575 473 475
f 476 474 576 578
f 579 577 475 477
f 478 476 578 580
f 581 579 477 479
f 480 478 580 582
f 583 581 479 481
f 482 480 582 584
f 585 583 481 483
f 484 482 584 586
f 587 585 483 485
f 486 484 586 588
f 589 587 485 487
f 488 486 588 590
f 591 589 487 489
f 490 488 590 592
f 593 591 489 491
f 492 490 592 594
f 595 593 491 493
f 494 492 594 596
f 597 595 493 495
f 496 494 596 598
f 599 597 495 497
f 498 496 598 600
f 601 599 497 499
f 500 498 600 602
f 603 601 499 501
f 502 500 602 604
f 605 603 501 503
f 504 502 604 606
f 607 605 503 505
f 506 504 606 608
f 609 607 505 507
f 508 506 608 610
f 611 609 507 509
f 510 508 610 612
f 615 613 511 513
f 514 512 614 616
f 617 615 513 515
f 516 514 616 618
f 619 617 515 517
f 518 516 618 620
f 621 619 517 519
f 520 518 620 622
f 623 621 519 521
f 522 520 622 624
f 625 623 521 523
f 524 522 624 626
f 627 625 523 525
f 526 524 626 628
f 629 627 525 527
f 528 526 628 630
f 631 629 527 529
f 530 528 630 632
f 633 631 529 531
f 532 530 632 634
f 635 633 531 533
f 534 532 634 636
f 637 635 533 535
f 536 534 636 638
f 639 637 535 537
f 538 536 638 640
f 641 639 537 539
f 540 538 640 642
f 643 641 539 541
f 542 540 642 644
f 645 643 541 543
f 544 542 644 646
f 647 645 543 545
f 546 544 646 648
f 649 647 545 547
f 548 546 648 650
f 651 649 547 549
f 550 548 650 652
f 653 651 549 551
f 552 550 652 654
f 655 653 551 553
f 554 552 654 656
f 657 655 553 555
f 556 554 656 658
f 659 657 555 557
f 558 556 658 660
f 661 659 557 559
f 560 558 660 662
f 663 661 559 561
f 562 560 662 664
f 665 663 561 563
f 564 562 664 666
f 667 665 563 565
f 566 564 666 668
f 669 667 565 567
f 568 566 668 670
f 671 669 567 569
f 570 568 670 672
f 673 671 569 571
f 572 570 672 674
f 675 673 571 573
f 574 572 674 676
f 677 675 573 575
f 576 574 676 678
f 679 677 575 577
f 578 576 678 680
f 681 679 577 579
f 580 578 680 682
f 683 681 579 581
f 582 580 682 684
f 685 683 581 583
f 584 582 684 686
f 687 685 583 585
f 586 584 686 688
f 689 687 585 587
f 588 586 688 690
f 691 689 587 589
f 590 588 690 692
f 693 691 589 591
f 592 590 692 694
f 695 693 591 593
f 594 592 694 696
f 697 695 593 595
f 596 594 696 698
f 699 697 595 597
f 598 596 698 700
f 701 699 597 599
f 600 598 700 702
f 703 701 599 601
f 602 600 702 704
f 705 703 601 603
f 604 602 704 706
f 707 705 603 605
f 606 604 706 708
f 709 707 605 607
f 608 606 708 710
f 711 709 607 609
f 610 608 710 712
f 713 711 609 611
f 612 610 712 714
f 717 715 613 615
f 616 614 716 718
f 719 717 615 617
f 618 616 718 720
f 721 719 617 619
f 620 618 720 722
f 723 721 619 621
f 622 620 722 724
f 725 723 621 623
f 624 622 724 726
f 727 725 623 625
f 626 624 726 728
f 729 727 625 627
f 628 626 728 730
f 731 729 627 629
f 630 628 730 732
f 733 731 629 631
f 632 630 732 734
f 735 733 631 633
f 634 632 734 736
f 737 735 633 635
f 636 634 736 738
f 739 737 635 637
f 638 636 738 740
f 741 739 637 639
f 640 638 740 742
f 743 741 639 641
f 642 640 742 744
f 745 743 641 643
f 644 642 744 746
f 747 745 643 645
f 646 644 746 748
f 749 747 645 647
f 648 646 748 750
f 751 749 647 649
f 650 648 750 752
f 753 751 649 651
f 652 650 752 754
f 755 753 651 653
f 654 652 754 756
f 757 755 653 655
f 656 654 756 758
f 759 757 655 657
f 658 656 758 760
f 761 759 657 659
f 660 658 760 762
f 763 761 659 661
f 662 660 762 764
f 765 763 661 663
f 664 662 764 766
f 767 765 663 665
f 666 664 766 768
f 769 767 665 667
f 668 666 768 770
f 771 769 667 669
f 670 668 770 772
f 773 771 669 671
f 672 670 772 774
f 775 773 671 673
f 674 672 774 776
f 777 775 673 675
f 676 674 776 778
f 779 777 675 677
f 678 676 778 780
f 781 779 677 679
f 680 678 780 782
f 783 781 679 681
f 682 680 782 784
f 785 783 681 683
f 684 682 784 786
f 787 785 683 685
f 686 684 786 788
f 789 787 685 687
f 688 686 788 790
f 791 789 687 689
f 690 688 790 792
f 793 791 689 691
f 692 690 792 794
f 795 793 691 693
f 694 692 794 796
f 797 795 693 695
f 696 694 796 798
f 799 797 695 697
f 698 696 798 800
f 801 799 697 699
f 700 698 800 802
f 803 801 699 701
f 702 700 802 804
f 805 803 701 703
f 704 702 804 806
f 807 805 703 705
f 706 704 806 808
f 809 807 705 707
f 708 706 808 810
f 811 809 707 709
f 710 708 810 812
f 813 811 709 711
f 712 710 812 814
f 815 813 711 713
f 714 712 814 816
f 819 817 715 717
f 718 716 818 820
f 821 819 717 719
f 720 718 820 822
f 823 821 719 721
f 722 720 822 824
f 825 823 721 723
f 724 722 824 826
f 827 825 723 725
f 726 724 826 828
f 829 827 725 727
f 728 726 828 830
f 831 829 727 729
f 730 728 830 832
f 833 831 729 731
f 732 730 832 834
f 835 833 731 733
f 734 732 834 836
f 837 835 733 735
f 736 734 836 838
f 839 837 735 737
f 738 736 838 840
f 841 839 737 739
f 740 738 840 842
f 843 841 739 741
f 742 740 842 844
f 845 843 741 743
f 744 742 844 846
f 847 845 743 745
f 746 744 846 848
f 849 847 745 747
f 748 746 848 850
f 851 849 747 749
f 750 748 850 852
f 853 851 749 751
f 752 750 852 854
f 855 853 751 753
f 754 752 854 856
f 857 855 753 755
f 756 754 856 858
f 859 857 755 757
f 758 756 858 860
f 861 859 757 759
f 760 758 860 862
f 863 861 759 761
f 762 760 862 864
f 865 863 761 763
f 764 762 864 866
f 867 865 763 765
f 766 764 866 868
f 869 867 765 767
f 768 766 868 870
f 871 869 767 769
f 770 768 870 872
f 873 871 769 771
f 772 770 872 874
f 875 873 771 773
f 774 772 874 876
f 877 875 773 775
f 776 774 876 878
f 879 877 775 777
f 778 776 878 880
f 881 879 777 779
f 780 778 880 882
f 883 881 779 781
f 782 780 882 884
f 885 883 781 783
f 784 782 884 886
f 887 885 783 785
f 786 784 886 888
f 889 887 785 787
f 788 786 888 890
f 891 889 787 789
f 790 788 890 892
f 893 891 789 791
f 792 790 892 894
f 895 893 791 793
f 794 792 894 896
f 897 895 793 795
f 796 794 896 898
f 899 897 795 797
f 798 796 898 900
f 901 899 797 799
f 800 798 900 902
f 903 901 799 801
f 802 800 902 904
f 905 903 801 803
f 804 802 904 906
f 907 905 803 805
f 806 804 906 908
f 909 907 805 807
f 808 806 908 910
f 911 909 807 809
f 810 808 910 912
f 913 911 809 811
f 812 810 912 914
f 915 913 811 813
f 814 812 914 916
f 917 915 813 815
f 816 814 916 918
f 921 919 817 819
f 820 818 920 922
f 923 921 819 821
f 822 820 922 924
f 925 923 821 823
f 824 822 924 926
f 927 925 823 825
f 826 824 926 928
f 929 927 825 827
f 828 826 928 930
f 931 929 827 829
f 830 828 930 932
f 933 931 829 831
f 832 830 932 934
f 935 933 831 833
f 834 832 934 936
f 937 935 833 835
f 836 834 936 938
f 939 937 835 837
f 838 836 938 940
f 941 939 837 839
f 840 838 940 942
f 943 941 839 841
f 842 840 942 944
f 945 943 841 843
f 844 842 944 946
f 947 945 843 845
f 846 844 946 948
f 949 947 845 847
f 848 846 948 950
f 951 949 847 849
f 850 848 950 952
f 953 951 849 851
f 852 850 952 954
f 955 953 851 853
f 854 852 954 956
f 957 955 853 855
f 856 854 956 958
f 959 957 855 857
f 858 856 958 960
f 961 959 857 859
f 860 858 960 962
f 963 961 859 861
f 862 860 962 964
f 965 963 861 863
f 864 862 964 966
f 967 965 863 865
f 866 864 966 968
f 969 967 865 867
f 868 866 968 970
f 971 969 867 869
f 870 868 970 972
f 973 971 869 871
f 872 870 972 974
f 975 973 871 873
f 874 872 974 976
f 977 975 873 875
f 876 874 976 978
f 979 977 875 877
f 878 876 978 980
f 981 979 877 879
f 880 878 980 982
f 983 981 879 881
f 882 880 982 984
f 985 983 881 883
f 884 882 984 986
f 987 985 883 885
f 886 884 986 988
f 989 987 885 887
f 888 886 988 990
f 991 989 887 889
f 890 888 990 992
f 993 991 889 891
f 892 890 992 994
f 995 993 891 893
f 894 892 994 996
f 997 995 893 895
f 896 894 996 998
f 999 997 895 897
f 898 896 998 1000
f 1001 999 897 899
f 900 898 1000 1002
f 1003 1001 899 901
f 902 900 1002 1004
f 1005 1003 901 903
f 904 902 1004 1006
f 1007 1005 903 905
f 906 904 1006 1008
f 1009 1007 905 907
f 908 906 1008 1010
f 1011 1009 907 909
f 910 908 1010 1012
f 1013 1011 909 911
f 912 910 1012 1014
f 1015 1013 911 913
f 914 912 1014 1016
f 1017 1015 913 915
f 916 914 1016 1018
f 1019 1017 915 917
f 918 916 1018 1020
f 1023 1021 919 921
f 922 920 1022 1024
f 1025 1023 921 923
f 924 922 1024 1026
f 1027 1025 923 925
f 926 924 1026 1028
f 1029 1027 925 927
f 928 926 1028 1030
f 1031 1029 927 929
f 930 928 1030 1032
f 1033 1031 929 931
f 932 930 1032 1034
f 1035 1033 931 933
f 934 932 1034 1036
f 1037 1035 933 935
f 936 934 1036 1038
f 1039 1037 935 937
f 938 936 1038 1040
f 1041 1039 937 939
f 940 938 1040 1042
f 1043 1041 939 941
f 942 940 1042 1044
f 1045 1043 941 943
f 944 942 1044 1046
f 1047 1045 943 945
f 946 944 1046 1048
f 1049 1047 945 947
f 948 946 1048 1050
f 1051 1049 947 949
f 950 948 1050 1052
f 1053 1051 949 951
f 952 950 1052 1054
f 1055 1053 951 953
f 954 952 1054 1056
f 1057 1055 953 955
f 956 954 1056 1058
f 1059 1057 955 957
f 958 956 1058 1060
f 1061 1059 957 959
f 960 958 1060 1062
f 1063 1061 959 961
f 962 960 1062 1064
f 1065 1063 961 963
f 964 962 1064 1066
f 1067 1065 963 965
f 966 964 1066 1068
f 1069 1067 965 967
f 968 966 1068 1070
f 1071 1069 967 969
f 970 968 1070 1072
f 1073 1071 969 971
f 972 970 1072 1074
f 1075 1073 971 973
f 974 972 1074 1076
f 1077 1075 973 975
f 976 974 1076 1078
f 1079 1077 975 977
f 978 976 1078 1080
f 1081 1079 977 979
f 980 978 1080 1082
f 1083 1081 979 981
f 982 980 1082 1084
f 1085 1083 981 983
f 984 982 1084 1086
f 1087 1085 983 985
f 986 984 1086 1088
f 1089 1087 985 987
f 988 986 1088 1090
f 1091 1089 987 989
f 990 988 1090 1092
f 1093 1091 989 991
f 992 990 1092 1094
f 1095 1093 991 993
f 994 992 1094 1096
f 1097 1095 993 995
f 996 994 1096 1098
f 1099 1097 995 997
f 998 996 1098 1100
f 1101 1099 997 999
f 1000 998 1100 1102
f 1103 1101 999 1001
f 1002 1000 1102 1104
f 1105 1103 1001 1003
f 1004 1002 1104 1106
f 1107 1105 1003 1005
f 1006 1004 1106 1108
f 1109 1107 1005 1007
f 1008 1006 1108 1110
f 1111 1109 1007 1009
f 1010 1008 1110 1112
f 1113 1111 1009 1011
f 1012 1010 1112 1114
f 1115 1113 1011 1013
f 1014 1012 1114 1116
f 1117 1115 1013 1015
f 1016 1014 1116 1118
f 1119 1117 1015 1017
f 1018 1016 1118 1120
f 1121 1119 1017 1019
f 1020 1018 1120 1122
f 1125 1123 1021 1023
f 1024 1022 1124 1126
f 1127 1125 1023 1025
f 1026 1024 1126 1128
f 1129 1127 1025 1027
f 1028 1026 1128 1130
f 1131 1129 1027 1029
f 1030 1028 1130 1132
f 1133 1131 1029 1031
f 1032 1030 1132 1134
f 1135 1133 1031 1033
f 1034 1032 1134 1136
f 1137 1135 1033 1035
f 1036 1034 1136 1138
f 1139 1137 1035 1037
f 1038 1036 1138 1140
f 1141 1139 1037 1039
f 1040 1038 1140 1142
f 1143 1141 1039 1041
f 1042 1040 1142 1144
f 1145 1143 1041 1043
f 1044 1042 1144 1146
f 1147 1145 1043 1045
f 1046 1044 1146 1148
f 1149 1147 1045 1047
f 1048 1046 1148 1150
f 1151 1149 1047 1049
f 1050 1048 1150 1152
f 1153 1151 1049 1051
f 1052 1050 1152 1154
f 1155 1153 1051 1053
f 1054 1052 1154 1156
f 1157 1155 1053 1055
f 1056 1054 1156 1158
f 1159 1157 1055 1057
f 1058 1056 1158 1160
f 1161 1159 1057 1059
f 1060 1058 1160 1162
f 1163 1161 1059 1061
f 1062 1060 1162 1164
f 1165 1163 1061 1063
f 1064 1062 1164 1166
f 1167 1165 1063 1065
f 1066 1064 1166 1168
f 1169 1167 1065 1067
f 1068 1066 1168 1170
f 1171 1169 1067 1069
f 1070 1068 1170 1172
f 1173 1171 1069 1071
f 1072 1070 1172 1174
f 1175 1173 1071 1073
f 1074 1072 1174 1176
f 1177 1175 1073 1075
f 1076 1074 1176 1178
f 1179 1177 1075 1077
f 1078 1076 1178 1180
f 1181 1179 1077 1079
f 1080 1078 1180 1182
f 1183 1181 1079 1081
f 1082 1080 1182 1184
f 1185 1183 1081 1083
f 1084 1082 1184 1186
f 1187 1185 1083 1085
f 1086 1084 1186 1188
f 1189 1187 1085 1087
f 1088 1086 1188 1190
f 1191 1189 1087 1089
f 1090 1088 1190 1192
f 1193 1191 1089 1091
f 1092 1090 1192 1194
f 1195 1193 1091 1093
f 1094 1092 1194 1196
f 1197 1195 1093 1095
f 1096 1094 1196 1198
f 1199 1197 1095 1097
f 1098 1096 1198 1200
f 1201 1199 1097 1099
f 1100 1098 1200 1202
f 1203 1201 1099 1101
f 1102 1100 1202 1204
f 1205 1203 1101 1103
f 1104 1102 1204 1206
f 1207 1205 1103 1105
f 1106 1104 1206 1208
f 1209 1207 1105 1107
f 1108 1106 1208 1210
f 1211 1209 1107 1109
f 1110 1108 1210 1212
f 1213 1211 1109 1111
f 1112 1110 1212 1214
f 1215 1213 1111 1113
f 1114 1112 1214 1216
f 1217 1215 1113 1115
f 1116 1114 1216 1218
f 1219 1217 1115 1117
f 1118 1116 1218 1220
f 1221 1219 1117 1119
f 1120 1118 1220 1222
f 1223 1221 1119 1121
f 1122 1120 1222 1224
f 1227 1225 1123 1125
f 1126 1124 1226 1228
f 1229 1227 1125 1127
f 1128 1126 1228 1230
f 1231 1229 1127 1129
f 1130 1128 1230 1232
f 1233 1231 1129 1131
f 1132 1130 1232 1234
f 1235 1233 1131 1133
f 1134 1132 1234 1236
f 1237 1235 1133 1135
f 1136 1134 1236 1238
f 1239 1237 1135 1137
f 1138 1136 1238 1240
f 1241 1239 1137 1139
f 1140 1138 1240 1242
f 1243 1241 1139 1141
f 1142 1140 1242 1244
f 1245 1243 1141 1143
f 1144 1142 1244 1246
f 1247 1245 1143 1145
f 1146 1144 1246 1248
f 1249 1247 1145 1147
f 1148 1146 1248 1250
f 1251 1249 1147 1149
f 1150 1148 1250 1252
f 1253 1251 1149 1151
f 1152 1150 1252 1254
f 1255 1253 1151 1153
f 1154 1152 1254 1256
f 1257 1255 1153 1155
f 1156 1154 1256 1258
f 1259 1257 1155 1157
f 1158 1156 1258 1260
f 1261 1259 1157 1159
f 1160 1158 1260 1262
f 1263 1261 1159 1161
f 1162 1160 1262 1264
f 1265 1263 1161 1163
f 1164 1162 1264 1266
f 1267 1265 1163 1165
f 1166 1164 1266 1268
f 1269 1267 1165 1167
f 1168 1166 1268 1270
f 1271 1269 1167 1169
f 1170 1168 1270 1272
f 1273 1271 1169 1171
f 1172 1170 1272 1274
f 1275 1273 1171 1173
f 1174 1172 1274 1276
f 1277 1275 1173 1175
f 1176 1174 1276 1278
f 1279 1277 1175 1177
f 1178 1176 1278 1280
f 1281 1279 1177 1179
f 1180 1178 1280 1282
f 1283 1281 1179 1181
f 1182 1180 1282 1284
f 1285 1283 1181 1183
f 1184 1182 1284 1286
f 1287 1285 1183 1185
f 1186 1184 1286 1288
f 1289 1287 1185 1187
f 1188 1186 1288 1290
f 1291 1289 1187 1189
f 1190 1188 1290 1292
f 1293 1291 1189 1191
f 1192 1190 1292 1294
f 1295 1293 1191 1193
f 1194 1192 1294 1296
f 1297 1295 1193 1195
f 1196 1194 1296 1298
f 1299 1297 1195 1197
f 1198 1196 1298 1300
f 1301 1299 1197 1199
f 1200 1198 1300 1302
f 1303 1301 1199 1201
f 1202 1200 1302 1304
f 1305 1303 1201 1203
f 1204 1202 1304 1306
f 1307 1305 1203 1205
f 1206 1204 1306 1308
f 1309 1307 1205 1207
f 1208 1206 1308 1310
f 1311 1309 1207 1209
f 1210 1208 1310 1312
f 1313 1311 1209 1211
f 1212 1210 1312 1314
f 1315 1313 1211 1213
f 1214 1212 1314 1316
f 1317 1315 1213 1215
f 1216 1214 1316 1318
f 1319 1317 1215 1217
f 1218 1216 1318 1320
f 1321 1319 1217 1219
f 1220 1218 1320 1322
f 1323 1321 1219 1221
f 1222 1220 1322 1324
f 1325 1323 1221 1223
f 1224 1222 1324 1326
f 1329 1327 1225 1227
f 1228 1226 1328 1330
f 1331 1329 1227 1229
f 1230 1228 1330 1332
f 1333 1331 1229 1231
f 1232 1230 1332 1334
f 1335 1333 1231 1233
f 1234 1232 1334 1336
f 1337 1335 1233 1235
f 1236 1234 1336 1338
f 1339 1337 1235 1237
f 1238 1236 1338 1340
f 1341 1339 1237 1239
f 1240 1238 1340 1342
f 1343 1341 1239 1241
f 1242 1240 1342 1344
f 1345 1343 1241 1243
f 1244 1242 1344 1346
f 1347 1345 1243 1245
f 1246 1244 1346 1348
f 1349 1347 1245 1247
f 1248 1246 1348 1350
f 1351 1349 1247 1249
f 1250 1248 1350 1352
f 1353 1351 1249 1251
f 1252 1250 1352 1354
f 1355 1353 1251 1253
f 1254 1252 1354 1356
f 1357 1355 1253 1255
f 1256 1254 1356 1358
f 1359 1357 1255 1257
f 1258 1256 1358 1360
f 1361 1359 1257 1259
f 1260 1258 1360 1362
f 1363 1361 1259 1261
f 1262 1260 1362 1364
f 1365 1363 1261 1263
f 1264 1262 1364 1366
f 1367 1365 1263 1265
f 1266 1264 1366 1368
f 1369 1367 1265 1267
f 1268 1266 1368 1370
f 1371 1369 1267 1269
f 1270 1268 1370 1372
f 1373 1371 1269 1271
f 1272 1270 1372 1374
f 1375 1373 1271 1273
f 1274 1272 1374 1376
f 1377 1375 1273 1275
f 1276 1274 1376 1378
f 1379 1377 1275 1277
f 1278 1276 1378 1380
f 1381 1379 1277 1279
f 1280 1278 1380 1382
f 1383 1381 1279 1281
f 1282 1280 1382 1384
f 1385 1383 1281 1283
f 1284 1282 1384 1386
f 1387 1385 1283 1285
f 1286 1284 1386 1388
f 1389 1387 1285 1287
f 1288 1286 1388 1390
f 1391 1389 1287 1289
f 1290 1288 1390 1392
f 1393 1391 1289 1291
f 1292 1290 1392 1394
f 1395 1393 1291 1293
f 1294 1292 1394 1396
f 1397 1395 1293 1295
f 1296 1294 1396 1398
f 1399 1397 1295 1297
f 1298 1296 1398 1400
f 1401 1399 1297 1299
f 1300 1298 1400 1402
f 1403 1401 1299 1301
f 1302 1300 1402 1404
f 1405 1403 1301 1303
f 1304 1302 1404 1406
f 1407 1405 1303 1305
f 1306 1304 1406 1408
f 1409 1407 1305 1307
f 1308 1306 1408 1410
f 1411 1409 1307 1309
f 1310 1308 1410 1412
f 1413 1411 1309 1311
f 1312 1310 1412 1414
f 1415 1413 1311 1313
f 1314 1312 1414 1416
f 1417 1415 1313 1315
f 1316 1314 1416 1418
f 1419 1417 1315 1317
f 1318 1316 1418 1420
f 1421 1419 1317 1319
f 1320 1318 1420 1422
f 1423 1421 1319 1321
f 1322 1320 1422 1424
f 1425 1423 1321 1323
f 1324 1322 1424 1426
f 1427 1425 1323 1325
f 1326 1324 1426 1428
f 1431 1429 1327 1329
f 1330 1328 1430 1432
f 1433 1431 1329 1331
f 1332 1330 1432 1434
f 1435 1433 1331 1333
f 1334 1332 1434 1436
f 1437 1435 1333 1335
f 1336 1334 1436 1438
f 1439 1437 1335 1337
f 1338 1336 1438 1440
f 1441 1439 1337 1339
f 1340 1338 1440 1442
f 1443 1441 1339 1341
f 1342 1340 1442 1444
f 1445 1443 1341 1343
f 1344 1342 1444 1446
f 1447 1445 1343 1345
f 1346 1344 1446 1448
f 1449 1447 1345 1347
f 1348 1346 1448 1450
f 1451 1449 1347 1349
f 1350 1348 1450 1452
f 1453 1451 1349 1351
f 1352 1350 1452 1454
f 1455 1453 1351 1353
f 1354 1352 1454 1456
f 1457 1455 1353 1355
f 1356 1354 1456 1458
f 1459 1457 1355 1357
f 1358 1356 1458 1460
f 1461 1459 1357 1359
f 1360 1358 1460 1462
f 1463 1461 1359 1361
f 1362 1360 1462 1464
f 1465 1463 1361 1363
f 1364 1362 1464 1466
f 1467 1465 1363 1365
f 1366 1364 1466 1468
f 1469 1467 1365 1367
f 1368 1366 1468 1470
f 1471 1469 1367 1369
f 1370 1368 1470 1472
f 1473 1471 1369 1371
f 1372 1370 1472 1474
f 1475 1473 1371 1373
f 1374 1372 1474 1476
f 1477 1475 1373 1375
f 1376 1374 1476 1478
f 1479 1477 1375 1377
f 1378 1376 1478 1480
f 1481 1479 1377 1379
f 1380 1378 1480 1482
f 1483 1481 1379 1381
f 1382 1380 1482 1484
f 1485 1483 1381 1383
f 1384 1382 1484 1486
f 1487 1485 1383 1385
f 1386 1384 1486 1488
f 1489 1487 1385 1387
f 1388 1386 1488 1490
f 1491 1489 1387 1389
f 1390 1388 1490 1492
f 1493 1491 1389 1391
f 1392 1390 1492 1494
f 1495 1493 1391 1393
f 1394 1392 1494 1496
f 1497 1495 1393 1395
f 1396 1394 1496 1498
f 1499 1497 1395 1397
f 1398 1396 1498 1500
f 1501 1499 1397 1399
f 1400 1398 1500 1502
f 1503 1501 1399 1401
f 1402 1400 1502 1504
f 1505 1503 1401 1403
f 1404 1402 1504 1506
f 1507 1505 1403 1405
f 1406 1404 1506 1508
f 1509 1507 1405 1407
f 1408 1406 1508 1510
f 1511 1509 1407 1409
f 1410 1408 1510 1512
f 1513 1511 1409 1411
f 1412 1410 1512 1514
f 1515 1513 1411 1413
f 1414 1412 1514 1516
f 1517 1515 1413 1415
f 1416 1414 1516 1518
f 1519 1517 1415 1417
f 1418 1416 1518 1520
f 1521 1519 1417 1419
f 1420 1418 1520 1522
f 1523 1521 1419 1421
f 1422 1420 1522 1524
f 1525 1523 1421 1423
f 1424 1422 1524 1526
f 1527 1525 1423 1425
f 1426 1424 1526 1528
f 1529 1527 1425 1427
f 1428 1426 1528 1530
f 1533 1531 1429 1431
f 1432 1430 1532 1534
f 1535 1533 1431 1433
f 1434 1432 1534 1536
f 1537 1535 1433 1435
f 1436 1434 1536 1538
f 1539 1537 1435 1437
f 1438 1436 1538 1540
f 1541 1539 1437 1439
f 1440 1438 1540 1542
f 1543 1541 1439 1441
f 1442 1440 1542 1544
f 1545 1543 1441 1443
f 1444 1442 1544 1546
f 1547 1545 1443 1445
f 1446 1444 1546 1548
f 1549 1547 1445 1447
f 1448 1446 1548 1550
f 1551 1549 1447 1449
f 1450 1448 1550 1552
f 1553 1551 1449 1451
f 1452 1450 1552 1554
f 1555 1553 1451 1453
f 1454 1452 1554 1556
f 1557 1555 1453 1455
f 1456 1454 1556 1558
f 1559 1557 1455 1457
f 1458 1456 1558 1560
f 1561 1559 1457 1459
f 1460 1458 1560 1562
f 1563 1561 1459 1461
f 1462 1460 1562 1564
f 1565 1563 1461 1463
f 1464 1462 1564 1566
f 1567 1565 1463 1465
f 1466 1464 1566 1568
f 1569 1567 1465 1467
f 1468 1466 1568 1570
f 1571 1569 1467 1469
f 1470 1468 1570 1572
f 1573 1571 1469 1471
f 1472 1470 1572 1574
f 1575 1573 1471 1473
f 1474 1472 1574 1576
f 1577 1575 1473 1475
f 1476 1474 1576 1578
f 1579 1577 1475 1477
f 1478 1476 1578 1580
f 1581 1579 1477 1479
f 1480 1478 1580 1582
f 1583 1581 1479 1481
f 1482 1480 1582 1584
f 1585 1583 1481 1483
f 1484 1482 1584 1586
f 1587 1585 1483 1485
f 1486 1484 1586 1588
f 1589 1587 1485 1487
f 1488 1486 1588 1590
f 1591 1589 1487 1489
f 1490 1488 1590 1592
f 1593 1591 1489 1491
f 1492 1490 1592 1594
f 1595 1593 1491 1493
f 1494 1492 1594 1596
f 1597 1595 1493 1495
f 1496 1494 1596 1598
f 1599 1597 1495 1497
f 1498 1496 1598 1600
f 1601 1599 1497 1499
f 1500 1498 1600 1602
f 1603 1601 1499 1501
f 1502 1500 1602 1604
f 1605 1603 1501 1503
f 1504 1502 1604 1606
f 1607 1605 1503 1505
f 1506 1504 1606 1608
f 1609 1607 1505 1507
f 1508 1506 1608 1610
f 1611 1609 1507 1509
f 1510 1508 1610 1612
f 1613 1611 1509 1511
f 1512 1510 1612 1614
f 1615 1613 1511 1513
f 1514 1512 1614 1616
f 1617 1615 1513 1515
f 1516 1514 1616 1618
f 1619 1617 1515 1517
f 1518 1516 1618 1620
f 1621 1619 1517 1519
f 1520 1518 1620 1622
f 1623 1621 1519 1521
f 1522 1520 1622 1624
f 1625 1623 1521 1523
f 1524 1522 1624 1626
f 1627 1625 1523 1525
f 1526 1524 1626 1628
f 1629 1627 1525 1527
f 1528 1526 1628 1630
f 1631 1629 1527 1529
f 1530 1528 1630 1632
f 1635 1633 1531 1533
f 1534 1532 1634 1636
f 1637 1635 1533 1535
f 1536 1534 1636 1638
f 1639 1637 1535 1537
f 1538 1536 1638 1640
f 1641 1639 1537 1539
f 1540 1538 1640 1642
f 1643 1641 1539 1541
f 1542 1540 1642 1644
f 1645 1643 1541 1543
f 1544 1542 1644 1646
f 1647 1645 1543 1545
f 1546 1544 1646 1648
f 1649 1647 1545 1547
f 1548 1546 1648 1650
f 1651 1649 1547 1549
f 1550 1548 1650 1652
f 1653 1651 1549 1551
f 1552 1550 1652 1654
f 1655 1653 1551 1553
f 1554 1552 1654 1656
f 1657 1655 1553 1555
f 1556 1554 1656 1658
f 1659 1657 1555 1557
f 1558 1556 1658 1660
f 1661 1659 1557 1559
f 1560 1558 1660 1662
f 1663 1661 1559 1561
f 1562 1560 1662 1664
f 1665 1663 1561 1563
f 1564 1562 1664 1666
f 1667 1665 1563 1565
f 1566 1564 1666 1668
f 1669 1667 1565 1567
f 1568 1566 1668 1670
f 1671 1669 1567 1569
f 1570 1568 1670 1672
f 1673 1671 1569 1571
f 1572 1570 1672 1674
f 1675 1673 1571 1573
f 1574 1572 1674 1676
f 1677 1675 1573 1575
f 1576 1574 1676 1678
f 1679 1677 1575 1577
f 1578 1576 1678 1680
f 1681 1679 1577 1579
f 1580 1578 1680 1682
f 1683 1681 1579 1581
f 1582 1580 1682 1684
f 1685 1683 1581 1583
f 1584 1582 1684 1686
f 1687 1685 1583 1585
f 1586 1584 1686 1688
f 1689 1687 1585 1587
f 1588 1586 1688 1690
f 1691 1689 1587 1589
f 1590 1588 1690 1692
f 1693 1691 1589 1591
f 1592 1590 1692 1694
f 1695 1693 1591 1593
f 1594 1592 1694 1696
f 1697 1695 1593 1595
f 1596 1594 1696 1698
f 1699 1697 1595 1597
f 1598 1596 1698 1700
f 1701 1699 1597 1599
f 1600 1598 1700 1702
f 1703 1701 1599 1601
f 1602 1600 1702 1704
f 1705 1703 1601 1603
f 1604 1602 1704 1706
f 1707 1705 1603 1605
f 1606 1604 1706 1708
f 1709 1707 1605 1607
f 1608 1606 1708 1710
f 1711 1709 1607 1609
f 1610 1608 1710 1712
f 1713 1711 1609 1611
f 1612 1610 1712 1714
f 1715 1713 1611 1613
f 1614 1612 1714 1716
f 1717 1715 1613 1615
f 1616 1614 1716 1718
f 1719 1717 1615 1617
f 1618 1616 1718 1720
f 1721 1719 1617 1619
f 1620 1618 1720 1722
f 1723 1721 1619 1621
f 1622 1620 1722 1724
f 1725 1723 1621 1623
f 1624 1622 1724 1726
f 1727 1725 1623 1625
f 1626 1624 1726 1728
f 1729 1727 1625 1627
f 1628 1626 1728 1730
f 1731 1729 1627 1629
f 1630 1628 1730 1732
f 1733 1731 1629 1631
f 1632 1630 1732 1734
f 1737 1735 1633 1635
f 1636 1634 1736 1738
f 1739 1737 1635 1637
f 1638 1636 1738 1740
f 1741 1739 1637 1639
f 1640 1638 1740 1742
f 1743 1741 1639 1641
f 1642 1640 1742 1744
f 1745 1743 1641 1643
f 1644 1642 1744 1746
f 1747 1745 1643 1645
f 1646 1644 1746 1748
f 1749 1747 1645 1647
f 1648 1646 1748 1750
f 1751 1749 1647 1649
f 1650 1648 1750 1752
f 1753 1751 1649 1651
f 1652 1650 1752 1754
f 1755 1753 1651 1653
f 1654 1652 1754 1756
f 1757 1755 1653 1655
f 1656 1654 1756 1758
f 1759 1757 1655 1657
f 1658 1656 1758 1760
f 1761 1759 1657 1659
f 1660 1658 1760 1762
f 1763 1761 1659 1661
f 1662 1660 1762 1764
f 1765 1763 1661 1663
f 1664 1662 1764 1766
f 1767 1765 1663 1665
f 1666 1664 1766 1768
f 1769 1767 1665 1667
f 1668 1666 1768 1770
f 1771 1769 1667 1669
f 1670 1668 1770 1772
f 1773 1771 1669 1671
f 1672 1670 1772 1774
f 1775 1773 1671 1673
f 1674 1672 1774 1776
f 1777 1775 1673 1675
f 1676 1674 1776 1778
f 1779 1777 1675 1677
f 1678 1676 1778 1780
f 1781 1779 1677 1679
f 1680 1678 1780 1782
f 1783 1781 1679 1681
f 1682 1680 1782 1784
f 1785 1783 1681 1683
f 1684 1682 1784 1786
f 1787 1785 1683 1685
f 1686 1684 1786 1788
f 1789 1787 1685 1687
f 1688 1686 1788 1790
f 1791 1789 1687 1689
f 1690 1688 1790 1792
f 1793 1791 1689 1691
f 1692 1690 1792 1794
f 1795 1793 1691 1693
f 1694 1692 1794 1796
f 1797 1795 1693 1695
f 1696 1694 1796 1798
f 1799 1797 1695 1697
f 1698 1696 1798 1800
f 1801 1799 1697 1699
f 1700 1698 1800 1802
f 1803 1801 1699 1701
f 1702 1700 1802 1804
f 1805 1803 1701 1703
f 1704 1702 1804 1806
f 1807 1805 1703 1705
f 1706 1704 1806 1808
f 1809 1807 1705 1707
f 1708 1706 1808 1810
f 1811 1809 1707 1709
f 1710 1708 1810 1812
f 1813 1811 1709 1711
f 1712 1710 1812 1814
f 1815 1813 1711 1713
f 1714 1712 1814 1816
f 1817 1815 1713 1715
f 1716 1714 1816 1818
f 1819 1817 1715 1717
f 1718 1716 1818 1820
f 1821 1819 1717 1719
f 1720 1718 1820 1822
f 1823 1821 1719 1721
f 1722 1720 1822 1824
f 1825 1823 1721 1723
f 1724 1722 1824 1826
f 1827 1825 1723 1725
f 1726 1724 1826 1828
f 1829 1827 1725 1727
f 1728 1726 1828 1830
f 1831 1829 1727 1729
f 1730 1728 1830 1832
f 1833 1831 1729 1731
f 1732 1730 1832 1834
f 1835 1833 1731 1733
f 1734 1732 1834 1836
f 1839 1837 1735 1737
f 1738 1736 1838 1840
f 1841 1839 1737 1739
f 1740 1738 1840 1842
f 1843 1841 1739 1741
f 1742 1740 1842 1844
f 1845 1843 1741 1743
f 1744 1742 1844 1846
f 1847 1845 1743 1745
f 1746 1744 1846 1848
f 1849 1847 1745 1747
f 1748 1746 1848 1850
f 1851 1849 1747 1749
f 1750 1748 1850 1852
f 1853 1851 1749 1751
f 1752 1750 1852 1854
f 1855 1853 1751 1753
f 1754 1752 1854 1856
f 1857 1855 1753 1755
f 1756 1754 1856 1858
f 1859 1857 1755 1757
f 1758 1756 1858 1860
f 1861 1859 1757 1759
f 1760 1758 1860 1862
f 1863 1861 1759 1761
f 1762 1760 1862 1864
f 1865 1863 1761 1763
f 1764 1762 1864 1866
f 1867 1865 1763 1765
f 1766 1764 1866 1868
f 1869 1867 1765 1767
f 1768 1766 1868 1870
f 1871 1869 1767 1769
f 1770 1768 1870 1872
f 1873 1871 1769 1771
f 1772 1770 1872 1874
f 1875 1873 1771 1773
f 1774 1772 1874 1876
f 1877 1875 1773 1775
f 1776 1774 1876 1878
f 1879 1877 1775 1777
f 1778 1776 1878 1880
f 1881 1879 1777 1779
f 1780 1778 1880 1882
f 1883 1881 1779 1781
f 1782 1780 1882 1884
f 1885 1883 1781 1783
f 1784 1782 1884 1886
f 1887 1885 1783 1785
f 1786 1784 1886 1888
f 1889 1887 1785 1787
f 1788 1786 1888 1890
f 1891 1889 1787 1789
f 1790 1788 1890 1892
f 1893 1891 1789 1791
f 1792 1790 1892 1894
f 1895 1893 1791 1793
f 1794 1792 1894 1896
f 1897 1895 1793 1795
f 1796 1794 1896 1898
f 1899 1897 1795 1797
f 1798 1796 1898 1900
f 1901 1899 1797 1799
f 1800 1798 1900 1902
f 1903 1901 1799 1801
f 1802 1800 1902 1904
f 1905 1903 1801 1803
f 1804 1802 1904 1906
f 1907 1905 1803 1805
f 1806 1804 1906 1908
f 1909 1907 1805 1807
f 1808 1806 1908 1910
f 1911 1909 1807 1809
f 1810 1808 1910 1912
f 1913 1911 1809 1811
f 1812 1810 1912 1914
f 1915 1913 1811 1813
f 1814 1812 1914 1916
f 1917 1915 1813 1815
f 1816 1814 1916 1918
f 1919 1917 1815 1817
f 1818 1816 1918 1920
f 1921 1919 1817 1819
f 1820 1818 1920 1922
f 1923 1921 1819 1821
f 1822 1820 1922 1924
f 1925 1923 1821 1823
f 1824 1822 1924 1926
f 1927 1925 1823 1825
f 1826 1824 1926 1928
f 1929 1927 1825 1827
f 1828 1826 1928 1930
f 1931 1929 1827 1829
f 1830 1828 1930 1932
f 1933 1931 1829 1831
f 1832 1830 1932 1934
f 1935 1933 1831 1833
f 1834 1832 1934 1936
f 1937 1935 1833 1835
f 1836 1834 1936 1938
f 1941 1939 1837 1839
f 1840 1838 1940 1942
f 1943 1941 1839 1841
f 1842 1840 1942 1944
f 1945 1943 1841 1843
f 1844 1842 1944 1946
f 1947 1945 1843 1845
f 1846 1844 1946 1948
f 1949 1947 1845 1847
f 1848 1846 1948 1950
f 1951 1949 1847 1849
f 1850 1848 1950 1952
f 1953 1951 1849 1851
f 1852 1850 1952 1954
f 1955 1953 1851 1853
f 1854 1852 1954 1956
f 1957 1955 1853 1855
f 1856 1854 1956 1958
f 1959 1957 1855 1857
f 1858 1856 1958 1960
f 1961 1959 1857 1859
f 1860 1858 1960 1962
f 1963 1961 1859 1861
f 1862 1860 1962 1964
f 1965 1963 1861 1863
f 1864 1862 1964 1966
f 1967 1965 1863 1865
f 1866 1864 1966 1968
f 1969 1967 1865 1867
f 1868 1866 1968 1970
f 1971 1969 1867 1869
f 1870 1868 1970 1972
f 1973 1971 1869 1871
f 1872 1870 1972 1974
f 1975 1973 1871 1873
f 1874 1872 1974 1976
f 1977 1975 1873 1875
f 1876 1874 1976 1978
f 1979 1977 1875 1877
f 1878 1876 1978 1980
f 1981 1979 1877 1879
f 1880 1878 1980 1982
f 1983 1981 1879 1881
f 1882 1880 1982 1984
f 1985 1983 1881 1883
f 1884 1882 1984 1986
f 1987 1985 1883 1885
f 1886 1884 1986 1988
f 1989 1987 1885 1887
f 1888 1886 1988 1990
f 1991 1989 1887 1889
f 1890 1888 1990 1992
f 1993 1991 1889 1891
f 1892 1890 1992 1994
f 1995 1993 1891 1893
f 1894 1892 1994 1996
f 1997 1995 1893 1895
f 1896 1894 1996 1998
f 1999 1997 1895 1897
f 1898 1896 1998 2000
f 2001 1999 1897 1899
f 1900 1898 2000 2002
f 2003 2001 1899 1901
f 1902 1900 2002 2004
f 2005 2003 1901 1903
f 1904 1902 2004 2006
f 2007 2005 1903 1905
f 1906 1904 2006 2008
f 2009 2007 1905 1907
f 1908 1906 2008 2010
f 2011 2009 1907 1909
f 1910 1908 2010 2012
f 2013 2011 1909 1911
f 1912 1910 2012 2014
f 2015 2013 1911 1913
f 1914 1912 2014 2016
f 2017 2015 1913 1915
f 1916 1914 2016 2018
f 2019 2017 1915 1917
f 1918 1916 2018 2020
f 2021 2019 1917 1919
f 1920 1918 2020 2022
f 2023 2021 1919 1921
f 1922 1920 2022 2024
f 2025 2023 1921 1923
f 1924 1922 2024 2026
f 2027 2025 1923 1925
f 1926 1924 2026 2028
f 2029 2027 1925 1927
f 1928 1926 2028 2030
f 2031 2029 1927 1929
f 1930 1928 2030 2032
f 2033 2031 1929 1931
f 1932 1930 2032 2034
f 2035 2033 1931 1933
f 1934 1932 2034 2036
f 2037 2035 1933 1935
f 1936 1934 2036 2038
f 2039 2037 1935 1937
f 1938 1936 2038 2040
f 2043 2041 1939 1941
f 1942 1940 2042 2044
f 2045 2043 1941 1943
f 1944 1942 2044 2046
f 2047 2045 1943 1945
f 1946 1944 2046 2048
f 2049 2047 1945 1947
f 1948 1946 2048 2050
f 2051 2049 1947 1949
f 1950 1948 2050 2052
f 2053 2051 1949 1951
f 1952 1950 2052 2054
f 2055 2053 1951 1953
f 1954 1952 2054 2056
f 2057 2055 1953 1955
f 1956 1954 2056 2058
f 2059 2057 1955 1957
f 1958 1956 2058 2060
f 2061 2059 1957 1959
f 1960 1958 2060 2062
f 2063 2061 1959 1961
f 1962 1960 2062 2064
f 2065 2063 1961 1963
f 1964 1962 2064 2066
f 2067 2065 1963 1965
f 1966 1964 2066 2068
f 2069 2067 1965 1967
f 1968 1966 2068 2070
f 2071 2069 1967 1969
f 1970 1968 2070 2072
f 2073 2071 1969 1971
f 1972 1970 2072 2074
f 2075 2073 1971 1973
f 1974 1972 2074 2076
f 2077 2075 1973 1975
f 1976 1974 2076 2078
f 2079 2077 1975 1977
f 1978 1976 2078 2080
f 2081 2079 1977 1979
f 1980 1978 2080 2082
f 2083 2081 1979 1981
f 1982 1980 2082 2084
f 2085 2083 1981 1983
f 1984 1982 2084 2086
f 2087 2085 1983 1985
f 1986 1984 2086 2088
f 2089 2087 1985 1987
f 1988 1986 2088 2090
f 2091 2089 1987 1989
f 1990 1988 2090 2092
f 2093 2091 1989 1991
f 1992 1990 2092 2094
f 2095 2093 1991 1993
f 1994 1992 2094 2096
f 2097 2095 1993 1995
f 1996 1994 2096 2098
f 2099 2097 1995 1997
f 1998 1996 2098 2100
f 2101 2099 1997 1999
f 2000 1998 2100 2102
f 2103 2101 1999 2001
f 2002 2000 2102 2104
f 2105 2103 2001 2003
f 2004 2002 2104 2106
f 2107 2105 2003 2005
f 2006 2004 2106 2108
f 2109 2107 2005 2007
f 2008 2006 2108 2110
f 2111 2109 2007 2009
f 2010 2008 2110 2112
f 2113 2111 2009 2011
f 2012 2010 2112 2114
f 2115 2113 2011 2013
f 2014 2012 2114 2116
f 2117 2115 2013 2015
f 2016 2014 2116 2118
f 2119 2117 2015 2017
f 2018 2016 2118 2120
f 2121 2119 2017 2019
f 2020 2018 2120 2122
f 2123 2121 2019 2021
f 2022 2020 2122 2124
f 2125 2123 2021 2023
f 2024 2022 2124 2126
f 2127 2125 2023 2025
f 2026 2024 2126 2128
f 2129 2127 2025 2027
f 2028 2026 2128 2130
f 2131 2129 2027 2029
f 2030 2028 2130 2132
f 2133 2131 2029 2031
f 2032 2030 2132 2134
f 2135 2133 2031 2033
f 2034 2032 2134 2136
f 2137 2135 2033 2035
f 2036 2034 2136 2138
f 2139 2137 2035 2037
f 2038 2036 2138 2140
f 2141 2139 2037 2039
f 2040 2038 2140 2142
f 2145 2143 2041 2043
f 2044 2042 2144 2146
f 2147 2145 2043 2045
f 2046 2044 2146 2148
f 2149 2147 2045 2047
f 2048 2046 2148 2150
f 2151 2149 2047 2049
f 2050 2048 2150 2152
f 2153 2151 2049 2051
f 2052 2050 2152 2154
f 2155 2153 2051 2053
f 2054 2052 2154 2156
f 2157 2155 2053 2055
f 2056 2054 2156 2158
f 2159 2157 2055 2057
f 2058 2056 2158 2160
f 2161 2159 2057 2059
f 2060 2058 2160 2162
f 2163 2161 2059 2061
f 2062 2060 2162 2164
f 2165 2163 2061 2063
f 2064 2062 2164 2166
f 2167 2165 2063 2065
f 2066 2064 2166 2168
f 2169 2167 2065 2067
f 2068 2066 2168 2170
f 2171 2169 2067 2069
f 2070 2068 2170 2172
f 2173 2171 2069 2071
f 2072 2070 2172 2174
f 2175 2173 2071 2073
f 2074 2072 2174 2176
f 2177 2175 2073 2075
f 2076 2074 2176 2178
f 2179 2177 2075 2077
f 2078 2076 2178 2180
f 2181 2179 2077 2079
f 2080 2078 2180 2182
f 2183 2181 2079 2081
f 2082 2080 2182 2184
f 2185 2183 2081 2083
f 2084 2082 2184 2186
f 2187 2185 2083 2085
f 2086 2084 2186 2188
f 2189 2187 2085 2087
f 2088 2086 2188 2190
f 2191 2189 2087 2089
f 2090 2088 2190 2192
f 2193 2191 2089 2091
f 2092 2090 2192 2194
f 2195 2193 2091 2093
f 2094 2092 2194 2196
f 2197 2195 2093 2095
f 2096 2094 2196 2198
f 2199 2197 2095 2097
f 2098 2096 2198 2200
f 2201 2199 2097 2099
f 2100 2098 2200 2202
f 2203 2201 2099 2101
f 2102 2100 2202 2204
f 2205 2203 2101 2103
f 2104 2102 2204 2206
f 2207 2205 2103 2105
f 2106 2104 2206 2208
f 2209 2207 2105 2107
f 2108 2106 2208 2210
f 2211 2209 2107 2109
f 2110 2108 2210 2212
f 2213 2211 2109 2111
f 2112 2110 2212 2214
f 2215 2213 2111 2113
f 2114 2112 2214 2216
f 2217 2215 2113 2115
f 2116 2114 2216 2218
f 2219 2217 2115 2117
f 2118 2116 2218 2220
f 2221 2219 2117 2119
f 2120 2118 2220 2222
f 2223 2221 2119 2121
f 2122 2120 2222 2224
f 2225 2223 2121 2123
f 2124 2122 2224 2226
f 2227 2225 2123 2125
f 2126 2124 2226 2228
f 2229 2227 2125 2127
f 2128 2126 2228 2230
f 2231 2229 2127 2129
f 2130 2128 2230 2232
f 2233 2231 2129 2131
f 2132 2130 2232 2234
f 2235 2233 2131 2133
f 2134 2132 2234 2236
f 2237 2235 2133 2135
f 2136 2134 2236 2238
f 2239 2237 2135 2137
f 2138 2136 2238 2240
f 2241 2239 2137 2139
f 2140 2138 2240 2242
f 2243 2241 2139 2141
f 2142 2140 2242 2244
f 2247 2245 2143 2145
f 2146 2144 2246 2248
f 2249 2247 2145 2147
f 2148 2146 2248 2250
f 2251 2249 2147 2149
f 2150 2148 2250 2252
f 2253 2251 2149 2151
f 2152 2150 2252 2254
f 2255 2253 2151 2153
f 2154 2152 2254 2256
f 2257 2255 2153 2155
f 2156 2154 2256 2258
f 2259 2257 2155 2157
f 2158 2156 2258 2260
f 2261 2259 2157 2159
f 2160 2158 2260 2262
f 2263 2261 2159 2161
f 2162 2160 2262 2264
f 2265 2263 2161 2163
f 2164 2162 2264 2266
f 2267 2265 2163 2165
f 2166 2164 2266 2268
f 2269 2267 2165 2167
f 2168 2166 2268 2270
f 2271 2269 2167 2169
f 2170 2168 2270 2272
f 2273 2271 2169 2171
f 2172 2170 2272 2274
f 2275 2273 2171 2173
f 2174 2172 2274 2276
f 2277 2275 2173 2175
f 2176 2174 2276 2278
f 2279 2277 2175 2177
f 2178 2176 2278 2280
f 2281 2279 2177 2179
f 2180 2178 2280 2282
f 2283 2281 2179 2181
f 2182 2180 2282 2284
f 2285 2283 2181 2183
f 2184 2182 2284 2286
f 2287 2285 2183 2185
f 2186 2184 2286 2288
f 2289 2287 2185 2187
f 2188 2186 2288 2290
f 2291 2289 2187 2189
f 2190 2188 2290 2292
f 2293 2291 2189 2191
f 2192 2190 2292 2294
f 2295 2293 2191 2193
f 2194 2192 2294 2296
f 2297 2295 2193 2195
f 2196 2194 2296 2298
f 2299 2297 2195 2197
f 2198 2196 2298 2300
f 2301 2299 2197 2199
f 2200 2198 2300 2302
f 2303 2301 2199 2201
f 2202 2200 2302 2304
f 2305 2303 2201 2203
f 2204 2202 2304 2306
f 2307 2305 2203 2205
f 2206 2204 2306 2308
f 2309 2307 2205 2207
f 2208 2206 2308 2310
f 2311 2309 2207 2209
f 2210 2208 2310 2312
f 2313 2311 2209 2211
f 2212 2210 2312 2314
f 2315 2313 2211 2213
f 2214 2212 2314 2316
f 2317 2315 2213 2215
f 2216 2214 2316 2318
f 2319 2317 2215 2217
f 2218 2216 2318 2320
f 2321 2319 2217 2219
f 2220 2218 2320 2322
f 2323 2321 2219 2221
f 2222 2220 2322 2324
f 2325 2323 2221 2223
f 2224 2222 2324 2326
f 2327 2325 2223 2225
f 2226 2224 2326 2328
f 2329 2327 2225 2227
f 2228 2226 2328 2330
f 2331 2329 2227 2229
f 2230 2228 2330 2332
f 2333 2331 2229 2231
f 2232 2230 2332 2334
f 2335 2333 2231 2233
f 2234 2232 2334 2336
f 2337 2335 2233 2235
f 2236 2234 2336 2338
f 2339 2337 2235 2237
f 2238 2236 2338 2340
f 2341 2339 2237 2239
f 2240 2238 2340 2342
f 2343 2341 2239 2241
f 2242 2240 2342 2344
f 2345 2343 2241 2243
f 2244 2242 2344 2346
f 2349 2347 2245 2247
f 2248 2246 2348 2350
f 2351 2349 2247 2249
f 2250 2248 2350 2352
f 2353 2351 2249 2251
f 2252 2250 2352 2354
f 2355 2353 2251 2253
f 2254 2252 2354 2356
f 2357 2355 2253 2255
f 2256 2254 2356 2358
f 2359 2357 2255 2257
f 2258 2256 2358 2360
f 2361 2359 2257 2259
f 2260 2258 2360 2362
f 2363 2361 2259 2261
f 2262 2260 2362 2364
f 2365 2363 2261 2263
f 2264 2262 2364 2366
f 2367 2365 2263 2265
f 2266 2264 2366 2368
f 2369 2367 2265 2267
f 2268 2266 2368 2370
f 2371 2369 2267 2269
f 2270 2268 2370 2372
f 2373 2371 2269 2271
f 2272 2270 2372 2374
f 2375 2373 2271 2273
f 2274 2272 2374 2376
f 2377 2375 2273 2275
f 2276 2274 2376 2378
f 2379 2377 2275 2277
f 2278 2276 2378 2380
f 2381 2379 2277 2279
f 2280 2278 2380 2382
f 2383 2381 2279 2281
f 2282 2280 2382 2384
f 2385 2383 2281 2283
f 2284 2282 2384 2386
f 2387 2385 2283 2285
f 2286 2284 2386 2388
f 2389 2387 2285 2287
f 2288 2286 2388 2390
f 2391 2389 2287 2289
f 2290 2288 2390 2392
f 2393 2391 2289 2291
f 2292 2290 2392 2394
f 2395 2393 2291 2293
f 2294 2292 2394 2396
f 2397 2395 2293 2295
f 2296 2294 2396 2398
f 2399 2397 2295 2297
f 2298 2296 2398 2400
f 2401 2399 2297 2299
f 2300 2298 2400 2402
f 2403 2401 2299 2301
f 2302 2300 2402 2404
f 2405 2403 2301 2303
f 2304 2302 2404 2406
f 2407 2405 2303 2305
f 2306 2304 2406 2408
f 2409 2407 2305 2307
f 2308 2306 2408 2410
f 2411 2409 2307 2309
f 2310 2308 2410 2412
f 2413 2411 2309 2311
f 2312 2310 2412 2414
f 2415 2413 2311 2313
f 2314 2312 2414 2416
f 2417 2415 2313 2315
f 2316 2314 2416 2418
f 2419 2417 2315 2317
f 2318 2316 2418 2420
f 2421 2419 2317 2319
f 2320 2318 2420 2422
f 2423 2421 2319 2321
f 2322 2320 2422 2424
f 2425 2423 2321 2323
f 2324 2322 2424 2426
f 2427 2425 2323 2325
f 2326 2324 2426 2428
f 2429 2427 2325 2327
f 2328 2326 2428 2430
f 2431 2429 2327 2329
f 2330 2328 2430 2432
f 2433 2431 2329 2331
f 2332 2330 2432 2434
f 2435 2433 2331 2333
f 2334 2332 2434 2436
f 2437 2435 2333 2335
f 2336 2334 2436 2438
f 2439 2437 2335 2337
f 2338 2336 2438 2440
f 2441 2439 2337 2339
f 2340 2338 2440 2442
f 2443 2441 2339 2341
f 2342 2340 2442 2444
f 2445 2443 2341 2343
f 2344 2342 2444 2446
f 2447 2445 2343 2345
f 2346 2344 2446 2448
f 2451 2449 2347 2349
f 2350 2348 2450 2452
f 2453 2451 2349 2351
f 2352 2350 2452 2454
f 2455 2453 2351 2353
f 2354 2352 2454 2456
f 2457 2455 2353 2355
f 2356 2354 2456 2458
f 2459 2457 2355 2357
f 2358 2356 2458 2460
f 2461 2459 2357 2359
f 2360 2358 2460 2462
f 2463 2461 2359 2361
f 2362 2360 2462 2464
f 2465 2463 2361 2363
f 2364 2362 2464 2466
f 2467 2465 2363 2365
f 2366 2364 2466 2468
f 2469 2467 2365 2367
f 2368 2366 2468 2470
f 2471 2469 2367 2369
f 2370 2368 2470 2472
f 2473 2471 2369 2371
f 2372 2370 2472 2474
f 2475 2473 2371 2373
f 2374 2372 2474 2476
f 2477 2475 2373 2375
f 2376 2374 2476 2478
f 2479 2477 2375 2377
f 2378 2376 2478 2480
f 2481 2479 2377 2379
f 2380 2378 2480 2482
f 2483 2481 2379 2381
f 2382 2380 2482 2484
f 2485 2483 2381 2383
f 2384 2382 2484 2486
f 2487 2485 2383 2385
f 2386 2384 2486 2488
f 2489 2487 2385 2387
f 2388 2386 2488 2490
f 2491 2489 2387 2389
f 2390 2388 2490 2492
f 2493 2491 2389 2391
f 2392 2390 2492 2494
f 2495 2493 2391 2393
f 2394 2392 2494 2496
f 2497 2495 2393 2395
f 2396 2394 2496 2498
f 2499 2497 2395 2397
f 2398 2396 2498 2500
f 2501 2499 2397 2399
f 2400 2398 2500 2502
f 2503 2501 2399 2401
f 2402 2400 2502 2504
f 2505 2503 2401 2403
f 2404 2402 2504 2506
f 2507 2505 2403 2405
f 2406 2404 2506 2508
f 2509 2507 2405 2407
f 2408 2406 2508 2510
f 2511 2509 2407 2409
f 2410 2408 2510 2512
f 2513 2511 2409 2411
f 2412 2410 2512 2514
f 2515 2513 2411 2413
f 2414 2412 2514 2516
f 2517 2515 2413 2415
f 2416 2414 2516 2518
f 2519 2517 2415 2417
f 2418 2416 2518 2520
f 2521 2519 2417 2419
f 2420 2418 2520 2522
f 2523 2521 2419 2421
f 2422 2420 2522 2524
f 2525 2523 2421 2423
f 2424 2422 2524 2526
f 2527 2525 2423 2425
f 2426 2424 2526 2528
f 2529 2527 2425 2427
f 2428 2426 2528 2530
f 2531 2529 2427 2429
f 2430 2428 2530 2532
f 2533 2531 2429 2431
f 2432 2430 2532 2534
f 2535 2533 2431 2433
f 2434 2432 2534 2536
f 2537 2535 2433 2435
f 2436 2434 2536 2538
f 2539 2537 2435 2437
f 2438 2436 2538 2540
f 2541 2539 2437 2439
f 2440 2438 2540 2542
f 2543 2541 2439 2441
f 2442 2440 2542 2544
f 2545 2543 2441 2443
f 2444 2442 2544 2546
f 2547 2545 2443 2445
f 2446 2444 2546 2548
f 2549 2547 2445 2447
f 2448 2446 2548 2550
f 2553 2551 2449 2451
f 2452 2450 2552 2554
f 2555 2553 2451 2453
f 2454 2452 2554 2556
f 2557 2555 2453 2455
f 2456 2454 2556 2558
f 2559 2557 2455 2457
f 2458 2456 2558 2560
f 2561 2559 2457 2459
f 2460 2458 2560 2562
f 2563 2561 2459 2461
f 2462 2460 2562 2564
f 2565 2563 2461 2463
f 2464 2462 2564 2566
f 2567 2565 2463 2465
f 2466 2464 2566 2568
f 2569 2567 2465 2467
f 2468 2466 2568 2570
f 2571 2569 2467 2469
f 2470 2468 2570 2572
f 2573 2571 2469 2471
f 2472 2470 2572 2574
f 2575 2573 2471 2473
f 2474 2472 2574 2576
f 2577 2575 2473 2475
f 2476 2474 2576 2578
f 2579 2577 2475 2477
f 2478 2476 2578 2580
f 2581 2579 2477 2479
f 2480 2478 2580 2582
f 2583 2581 2479 2481
f 2482 2480 2582 2584
f 2585 2583 2481 2483
f 2484 2482 2584 2586
f 2587 2585 2483 2485
f 2486 2484 2586 2588
f 2589 2587 2485 2487
f 2488 2486 2588 2590
f 2591 2589 2487 2489
f 2490 2488 2590 2592
f 2593 2591 2489 2491
f 2492 2490 2592 2594
f 2595 2593 2491 2493
f 2494 2492 2594 2596
f 2597 2595 2493 2495
f 2496 2494 2596 2598
f 2599 2597 2495 2497
f 2498 2496 2598 2600
f 2601 2599 2497 2499
f 2500 2498 2600 2602
f 2603 2601 2499 2501
f 2502 2500 2602 2604
f 2605 2603 2501 2503
f 2504 2502 2604 2606
f 2607 2605 2503 2505
f 2506 2504 2606 2608
f 2609 2607 2505 2507
f 2508 2506 2608 2610
f 2611 2609 2507 2509
f 2510 2508 2610 2612
f 2613 2611 2509 2511
f 2512 2510 2612 2614
f 2615 2613 2511 2513
f 2514 2512 2614 2616
f 2617 2615 2513 2515
f 2516 2514 2616 2618
f 2619 2617 2515 2517
f 2518 2516 2618 2620
f 2621 2619 2517 2519
f 2520 2518 2620 2622
f 2623 2621 2519 2521
f 2522 2520 2622 2624
f 2625 2623 2521 2523
f 2524 2522 2624 2626
f 2627 2625 2523 2525
f 2526 2524 2626 2628
f 2629 2627 2525 2527
f 2528 2526 2628 2630
f 2631 2629 2527 2529
f 2530 2528 2630 2632
f 2633 2631 2529 2531
f 2532 2530 2632 2634
f 2635 2633 2531 2533
f 2534 2532 2634 2636
f 2637 2635 2533 2535
f 2536 2534 2636 2638
f 2639 2637 2535 2537
f 2538 2536 2638 2640
f 2641 2639 2537 2539
f 2540 2538 2640 2642
f 2643 2641 2539 2541
f 2542 2540 2642 2644
f 2645 2643 2541 2543
f 2544 2542 2644 2646
f 2647 2645 2543 2545
f 2546 2544 2646 2648
f 2649 2647 2545 2547
f 2548 2546 2648 2650
f 2651 2649 2547 2549
f 2550 2548 2650 2652
f 2655 2653 2551 2553
f 2554 2552 2654 2656
f 2657 2655 2553 2555
f 2556 2554 2656 2658
f 2659 2657 2555 2557
f 2558 2556 2658 2660
f 2661 2659 2557 2559
f 2560 2558 2660 2662
f 2663 2661 2559 2561
f 2562 2560 2662 2664
f 2665 2663 2561 2563
f 2564 2562 2664 2666
f 2667 2665 2563 2565
f 2566 2564 2666 2668
f 2669 2667 2565 2567
f 2568 2566 2668 2670
f 2671 2669 2567 2569
f 2570 2568 2670 2672
f 2673 2671 2569 2571
f 2572 2570 2672 2674
f 2675 2673 2571 2573
f 2574 2572 2674 2676
f 2677 2675 2573 2575
f 2576 2574 2676 2678
f 2679 2677 2575 2577
f 2578 2576 2678 2680
f 2681 2679 2577 2579
f 2580 2578 2680 2682
f 2683 2681 2579 2581
f 2582 2580 2682 2684
f 2685 2683 2581 2583
f 2584 2582 2684 2686
f 2687 2685 2583 2585
f 2586 2584 2686 2688
f 2689 2687 2585 2587
f 2588 2586 2688 2690
f 2691 2689 2587 2589
f 2590 2588 2690 2692
f 2693 2691 2589 2591
f 2592 2590 2692 2694
f 2695 2693 2591 2593
f 2594 2592 2694 2696
f 2697 2695 2593 2595
f 2596 2594 2696 2698
f 2699 2697 2595 2597
f 2598 2596 2698 2700
f 2701 2699 2597 2599
f 2600 2598 2700 2702
f 2703 2701 2599 2601
f 2602 2600 2702 2704
f 2705 2703 2601 2603
f 2604 2602 2704 2706
f 2707 2705 2603 2605
f 2606 2604 2706 2708
f 2709 2707 2605 2607
f 2608 2606 2708 2710
f 2711 2709 2607 2609
f 2610 2608 2710 2712
f 2713 2711 2609 2611
f 2612 2610 2712 2714
f 2715 2713 2611 2613
f 2614 2612 2714 2716
f 2717 2715 2613 2615
f 2616 2614 2716 2718
f 2719 2717 2615 2617
f 2618 2616 2718 2720
f 2721 2719 2617 2619
f 2620 2618 2720 2722
f 2723 2721 2619 2621
f 2622 2620 2722 2724
f 2725 2723 2621 2623
f 2624 2622 2724 2726
f 2727 2725 2623 2625
f 2626 2624 2726 2728
f 2729 2727 2625 2627
f 2628 2626 2728 2730
f 2731 2729 2627 2629
f 2630 2628 2730 2732
f 2733 2731 2629 2631
f 2632 2630 2732 2734
f 2735 2733 2631 2633
f 2634 2632 2734 2736
f 2737 2735 2633 2635
f 2636 2634 2736 2738
f 2739 2737 2635 2637
f 2638 2636 2738 2740
f 2741 2739 2637 2639
f 2640 2638 2740 2742
f 2743 2741 2639 2641
f 2642 2640 2742 2744
f 2745 2743 2641 2643
f 2644 2642 2744 2746
f 2747 2745 2643 2645
f 2646 2644 2746 2748
f 2749 2747 2645 2647
f 2648 2646 2748 2750
f 2751 2749 2647 2649
f 2650 2648 2750 2752
f 2753 2751 2649 2651
f 2652 2650 2752 2754
f 2757 2755 2653 2655
f 2656 2654 2756 2758
f 2759 2757 2655 2657
f 2658 2656 2758 2760
f 2761 2759 2657 2659
f 2660 2658 2760 2762
f 2763 2761 2659 2661
f 2662 2660 2762 2764
f 2765 2763 2661 2663
f 2664 2662 2764 2766
f 2767 2765 2663 2665
f 2666 2664 2766 2768
f 2769 2767 2665 2667
f 2668 2666 2768 2770
f 2771 2769 2667 2669
f 2670 2668 2770 2772
f 2773 2771 2669 2671
f 2672 2670 2772 2774
f 2775 2773 2671 2673
f 2674 2672 2774 2776
f 2777 2775 2673 2675
f 2676 2674 2776 2778
f 2779 2777 2675 2677
f 2678 2676 2778 2780
f 2781 2779 2677 2679
f 2680 2678 2780 2782
f 2783 2781 2679 2681
f 2682 2680 2782 2784
f 2785 2783 2681 2683
f 2684 2682 2784 2786
f 2787 2785 2683 2685
f 2686 2684 2786 2788
f 2789 2787 2685 2687
f 2688 2686 2788 2790
f 2791 2789 2687 2689
f 2690 2688 2790 2792
f 2793 2791 2689 2691
f 2692 2690 2792 2794
f 2795 2793 2691 2693
f 2694 2692 2794 2796
f 2797 2795 2693 2695
f 2696 2694 2796 2798
f 2799 2797 2695 2697
f 2698 2696 2798 2800
f 2801 2799 2697 2699
f 2700 2698 2800 2802
f 2803 2801 2699 2701
f 2702 2700 2802 2804
f 2805 2803 2701 2703
f 2704 2702 2804 2806
f 2807 2805 2703 2705
f 2706 2704 2806 2808
f 2809 2807 2705 2707
f 2708 2706 2808 2810
f 2811 2809 2707 2709
f 2710 2708 2810 2812
f 2813 2811 2709 2711
f 2712 2710 2812 2814
f 2815 2813 2711 2713
f 2714 2712 2814 2816
f 2817 2815 2713 2715
f 2716 2714 2816 2818
f 2819 2817 2715 2717
f 2718 2716 2818 2820
f 2821 2819 2717 2719
f 2720 2718 2820 2822
f 2823 2821 2719 2721
f 2722 2720 2822 2824
f 2825 2823 2721 2723
f 2724 2722 2824 2826
f 2827 2825 2723 2725
f 2726 2724 2826 2828
f 2829 2827 2725 2727
f 2728 2726 2828 2830
f 2831 2829 2727 2729
f 2730 2728 2830 2832
f 2833 2831 2729 2731
f 2732 2730 2832 2834
f 2835 2833 2731 2733
f 2734 2732 2834 2836
f 2837 2835 2733 2735
f 2736 2734 2836 2838
f 2839 2837 2735 2737
f 2738 2736 2838 2840
f 2841 2839 2737 2739
f 2740 2738 2840 2842
f 2843 2841 2739 2741
f 2742 2740 2842 2844
f 2845 2843 2741 2743
f 2744 2742 2844 2846
f 2847 2845 2743 2745
f 2746 2744 2846 2848
f 2849 2847 2745 2747
f 2748 2746 2848 2850
f 2851 2849 2747 2749
f 2750 2748 2850 2852
f 2853 2851 2749 2751
f 2752 2750 2852 2854
f 2855 2853 2751 2753
f 2754 2752 2854 2856
f 2859 2857 2755 2757
f 2758 2756 2858 2860
f 2861 2859 2757 2759
f 2760 2758 2860 2862
f 2863 2861 2759 2761
f 2762 2760 2862 2864
f 2865 2863 2761 2763
f 2764 2762 2864 2866
f 2867 2865 2763 2765
f 2766 2764 2866 2868
f 2869 2867 2765 2767
f 2768 2766 2868 2870
f 2871 2869 2767 2769
f 2770 2768 2870 2872
f 2873 2871 2769 2771
f 2772 2770 2872 2874
f 2875 2873 2771 2773
f 2774 2772 2874 2876
f 2877 2875 2773 2775
f 2776 2774 2876 2878
f 2879 2877 2775 2777
f 2778 2776 2878 2880
f 2881 2879 2777 2779
f 2780 2778 2880 2882
f 2883 2881 2779 2781
f 2782 2780 2882 2884
f 2885 2883 2781 2783
f 2784 2782 2884 2886
f 2887 2885 2783 2785
f 2786 2784 2886 2888
f 2889 2887 2785 2787
f 2788 2786 2888 2890
f 2891 2889 2787 2789
f 2790 2788 2890 2892
f 2893 2891 2789 2791
f 2792 2790 2892 2894
f 2895 2893 2791 2793
f 2794 2792 2894 2896
f 2897 2895 2793 2795
f 2796 2794 2896 2898
f 2899 2897 2795 2797
f 2798 2796 2898 2900
f 2901 2899 2797 2799
f 2800 2798 2900 2902
f 2903 2901 2799 2801
f 2802 2800 2902 2904
f 2905 2903 2801 2803
f 2804 2802 2904 2906
f 2907 2905 2803 2805
f 2806 2804 2906 2908
f 2909 2907 2805 2807
f 2808 2806 2908 2910
f 2911 2909 2807 2809
f 2810 2808 2910 2912
f 2913 2911 2809 2811
f 2812 2810 2912 2914
f 2915 2913 2811 2813
f 2814 2812 2914 2916
f 2917 2915 2813 2815
f 2816 2814 2916 2918
f 2919 2917 2815 2817
f 2818 2816 2918 2920
f 2921 2919 2817 2819
f 2820 2818 2920 2922
f 2923 2921 2819 2821
f 2822 2820 2922 2924
f 2925 2923 2821 2823
f 2824 2822 2924 2926
f 2927 2925 2823 2825
f 2826 2824 2926 2928
f 2929 2927 2825 2827
f 2828 2826 2928 2930
f 2931 2929 2827 2829
f 2830 2828 2930 2932
f 2933 2931 2829 2831
f 2832 2830 2932 2934
f 2935 2933 2831 2833
f 2834 2832 2934 2936
f 2937 2935 2833 2835
f 2836 2834 2936 2938
f 2939 2937 2835 2837
f 2838 2836 2938 2940
f 2941 2939 2837 2839
f 2840 2838 2940 2942
f 2943 2941 2839 2841
f 2842 2840 2942 2944
f 2945 2943 2841 2843
f 2844 2842 2944 2946
f 2947 2945 2843 2845
f 2846 2844 2946 2948
f 2949 2947 2845 2847
f 2848 2846 2948 2950
f 2951 2949 2847 2849
f 2850 2848 2950 2952
f 2953 2951 2849 2851
f 2852 2850 2952 2954
f 2955 2953 2851 2853
f 2854 2852 2954 2956
f 2957 2955 2853 2855
f 2856 2854 2956 2958
f 2961 2959 2857 2859
f 2860 2858 2960 2962
f 2963 2961 2859 2861
f 2862 2860 2962 2964
f 2965 2963 2861 2863
f 2864 2862 2964 2966
f 2967 2965 2863 2865
f 2866 2864 2966 2968
f 2969 2967 2865 2867
f 2868 2866 2968 2970
f 2971 2969 2867 2869
f 2870 2868 2970 2972
f 2973 2971 2869 2871
f 2872 2870 2972 2974
f 2975 2973 2871 2873
f 2874 2872 2974 2976
f 2977 2975 2873 2875
f 2876 2874 2976 2978
f 2979 2977 2875 2877
f 2878 2876 2978 2980
f 2981 2979 2877 2879
f 2880 2878 2980 2982
f 2983 2981 2879 2881
f 2882 2880 2982 2984
f 2985 2983 2881 2883
f 2884 2882 2984 2986
f 2987 2985 2883 2885
f 2886 2884 2986 2988
f 2989 2987 2885 2887
f 2888 2886 2988 2990
f 2991 2989 2887 2889
f 2890 2888 2990 2992
f 2993 2991 2889 2891
f 2892 2890 2992 2994
f 2995 2993 2891 2893
f 2894 2892 2994 2996
f 2997 2995 2893 2895
f 2896 2894 2996 2998
f 2999 2997 2895 2897
f 2898 2896 2998 3000
f 3001 2999 2897 2899
f 2900 2898 3000 3002
f 3003 3001 2899 2901
f 2902 2900 3002 3004
f 3005 3003 2901 2903
f 2904 2902 3004 3006
f 3007 3005 2903 2905
f 2906 2904 3006 3008
f 3009 3007 2905 2907
f 2908 2906 3008 3010
f 3011 3009 2907 2909
f 2910 2908 3010 3012
f 3013 3011 2909 2911
f 2912 2910 3012 3014
f 3015 3013 2911 2913
f 2914 2912 3014 3016
f 3017 3015 2913 2915
f 2916 2914 3016 3018
f 3019 3017 2915 2917
f 2918 2916 3018 3020
f 3021 3019 2917 2919
f 2920 2918 3020 3022
f 3023 3021 2919 2921
f 2922 2920 3022 3024
f 3025 3023 2921 2923
f 2924 2922 3024 3026
f 3027 3025 2923 2925
f 2926 2924 3026 3028
f 3029 3027 2925 2927
f 2928 2926 3028 3030
f 3031 3029 2927 2929
f 2930 2928 3030 3032
f 3033 3031 2929 2931
f 2932 2930 3032 3034
f 3035 3033 2931 2933
f 2934 2932 3034 3036
f 3037 3035 2933 2935
f 2936 2934 3036 3038
f 3039 3037 2935 2937
f 2938 2936 3038 3040
f 3041 3039 2937 2939
f 2940 2938 3040 3042
f 3043 3041 2939 2941
f 2942 2940 3042 3044
f 3045 3043 2941 2943
f 2944 2942 3044 3046
f 3047 3045 2943 2945
f 2946 2944 3046 3048
f 3049 3047 2945 2947
f 2948 2946 3048 3050
f 3051 3049 2947 2949
f 2950 2948 3050 3052
f 3053 3051 2949 2951
f 2952 2950 3052 3054
f 3055 3053 2951 2953
f 2954 2952 3054 3056
f 3057 3055 2953 2955
f 2956 2954 3056 3058
f 3059 3057 2955 2957
f 2958 2956 3058 3060
f 3063 3061 2959 2961
f 2962 2960 3062 3064
f 3065 3063 2961 2963
f 2964 2962 3064 3066
f 3067 3065 2963 2965
f 2966 2964 3066 3068
f 3069 3067 2965 2967
f 2968 2966 3068 3070
f 3071 3069 2967 2969
f 2970 2968 3070 3072
f 3073 3071 2969 2971
f 2972 2970 3072 3074
f 3075 3073 2971 2973
f 2974 2972 3074 3076
f 3077 3075 2973 2975
f 2976 2974 3076 3078
f 3079 3077 2975 2977
f 2978 2976 3078 3080
f 3081 3079 2977 2979
f 2980 2978 3080 3082
f 3083 3081 2979 2981
f 2982 2980 3082 3084
f 3085 3083 2981 2983
f 2984 2982 3084 3086
f 3087 3085 2983 2985
f 2986 2984 3086 3088
f 3089 3087 2985 2987
f 2988 2986 3088 3090
f 3091 3089 2987 2989
f 2990 2988 3090 3092
f 3093 3091 2989 2991
f 2992 2990 3092 3094
f 3095 3093 2991 2993
f 2994 2992 3094 3096
f 3097 3095 2993 2995
f 2996 2994 3096 3098
f 3099 3097 2995 2997
f 2998 2996 3098 3100
f 3101 3099 2997 2999
f 3000 2998 3100 3102
f 3103 3101 2999 3001
f 3002 3000 3102 3104
f 3105 3103 3001 3003
f 3004 3002 3104 3106
f 3107 3105 3003 3005
f 3006 3004 3106 3108
f 3109 3107 3005 3007
f 3008 3006 3108 3110
f 3111 3109 3007 3009
f 3010 3008 3110 3112
f 3113 3111 3009 3011
f 3012 3010 3112 3114
f 3115 3113 3011 3013
f 3014 3012 3114 3116
f 3117 3115 3013 3015
f 3016 3014 3116 3118
f 3119 3117 3015 3017
f 3018 3016 3118 3120
f 3121 3119 3017 3019
f 3020 3018 3120 3122
f 3123 3121 3019 3021
f 3022 3020 3122 3124
f 3125 3123 3021 3023
f 3024 3022 3124 3126
f 3127 3125 3023 3025
f 3026 3024 3126 3128
f 3129 3127 3025 3027
f 3028 3026 3128 3130
f 3131 3129 3027 3029
f 3030 3028 3130 3132
f 3133 3131 3029 3031
f 3032 3030 3132 3134
f 3135 3133 3031 3033
f 3034 3032 3134 3136
f 3137 3135 3033 3035
f 3036 3034 3136 3138
f 3139 3137 3035 3037
f 3038 3036 3138 3140
f 3141 3139 3037 3039
f 3040 3038 3140 3142
f 3143 3141 3039 3041
f 3042 3040 3142 3144
f 3145 3143 3041 3043
f 3044 3042 3144 3146
f 3147 3145 3043 3045
f 3046 3044 3146 3148
f 3149 3147 3045 3047
f 3048 3046 3148 3150
f 3151 3149 3047 3049
f 3050 3048 3150 3152
f 3153 3151 3049 3051
f 3052 3050 3152 3154
f 3155 3153 3051 3053
f 3054 3052 3154 3156
f 3157 3155 3053 3055
f 3056 3054 3156 3158
f 3159 3157 3055 3057
f 3058 3056 3158 3160
f 3161 3159 3057 3059
f 3060 3058 3160 3162
f 3165 3163 3061 3063
f 3064 3062 3164 3166
f 3167 3165 3063 3065
f 3066 3064 3166 3168
f 3169 3167 3065 3067
f 3068 3066 3168 3170
f 3171 3169 3067 3069
f 3070 3068 3170 3172
f 3173 3171 3069 3071
f 3072 3070 3172 3174
f 3175 3173 3071 3073
f 3074 3072 3174 3176
f 3177 3175 3073 3075
f 3076 3074 3176 3178
f 3179 3177 3075 3077
f 3078 3076 3178 3180
f 3181 3179 3077 3079
f 3080 3078 3180 3182
f 3183 3181 3079 3081
f 3082 3080 3182 3184
f 3185 3183 3081 3083
f 3084 3082 3184 3186
f 3187 3185 3083 3085
f 3086 3084 3186 3188
f 3189 3187 3085 3087
f 3088 3086 3188 3190
f 3191 3189 3087 3089
f 3090 3088 3190 3192
f 3193 3191 3089 3091
f 3092 3090 3192 3194
f 3195 3193 3091 3093
f 3094 3092 3194 3196
f 3197 3195 3093 3095
f 3096 3094 3196 3198
f 3199 3197 3095 3097
f 3098 3096 3198 3200
f 3201 3199 3097 3099
f 3100 3098 3200 3202
f 3203 3201 3099 3101
f 3102 3100 3202 3204
f 3205 3203 3101 3103
f 3104 3102 3204 3206
f 3207 3205 3103 3105
f 3106 3104 3206 3208
f 3209 3207 3105 3107
f 3108 3106 3208 3210
f 3211 3209 3107 3109
f 3110 3108 3210 3212
f 3213 3211 3109 3111
f 3112 3110 3212 3214
f 3215 3213 3111 3113
f 3114 3112 3214 3216
f 3217 3215 3113 3115
f 3116 3114 3216 3218
f 3219 3217 3115 3117
f 3118 3116 3218 3220
f 3221 3219 3117 3119
f 3120 3118 3220 3222
f 3223 3221 3119 3121
f 3122 3120 3222 3224
f 3225 3223 3121 3123
f 3124 3122 3224 3226
f 3227 3225 3123 3125
f 3126 3124 3226 3228
f 3229 3227 3125 3127
f 3128 3126 3228 3230
f 3231 3229 3127 3129
f 3130 3128 3230 3232
f 3233 3231 3129 3131
f 3132 3130 3232 3234
f 3235 3233 3131 3133
f 3134 3132 3234 3236
f 3237 3235 3133 3135
f 3136 3134 3236 3238
f 3239 3237 3135 3137
f 3138 3136 3238 3240
f 3241 3239 3137 3139
f 3140 3138 3240 3242
f 3243 3241 3139 3141
f 3142 3140 3242 3244
f 3245 3243 3141 3143
f 3144 3142 3244 3246
f 3247 3245 3143 3145
f 3146 3144 3246 3248
f 3249 3247 3145 3147
f 3148 3146 3248 3250
f 3251 3249 3147 3149
f 3150 3148 3250 3252
f 3253 3251 3149 3151
f 3152 3150 3252 3254
f 3255 3253 3151 3153
f 3154 3152 3254 3256
f 3257 3255 3153 3155
f 3156 3154 3256 3258
f 3259 3257 3155 3157
f 3158 3156 3258 3260
f 3261 3259 3157 3159
f 3160 3158 3260 3262
f 3263 3261 3159 3161
f 3162 3160 3262 3264
f 3267 3265 3163 3165
f 3166 3164 3266 3268
f 3269 3267 3165 3167
f 3168 3166 3268 3270
f 3271 3269 3167 3169
f 3170 3168 3270 3272
f 3273 3271 3169 3171
f 3172 3170 3272 3274
f 3275 3273 3171 3173
f 3174 3172 3274 3276
f 3277 3275 3173 3175
f 3176 3174 3276 3278
f 3279 3277 3175 3177
f 3178 3176 3278 3280
f 3281 3279 3177 3179
f 3180 3178 3280 3282
f 3283 3281 3179 3181
f 3182 3180 3282 3284
f 3285 3283 3181 3183
f 3184 3182 3284 3286
f 3287 3285 3183 3185
f 3186 3184 3286 3288
f 3289 3287 3185 3187
f 3188 3186 3288 3290
f 3291 3289 3187 3189
f 3190 3188 3290 3292
f 3293 3291 3189 3191
f 3192 3190 3292 3294
f 3295 3293 3191 3193
f 3194 3192 3294 3296
f 3297 3295 3193 3195
f 3196 3194 3296 3298
f 3299 3297 3195 3197
f 3198 3196 3298 3300
f 3301 3299 3197 3199
f 3200 3198 3300 3302
f 3303 3301 3199 3201
f 3202 3200 3302 3304
f 3305 3303 3201 3203
f 3204 3202 3304 3306
f 3307 3305 3203 3205
f 3206 3204 3306 3308
f 3309 3307 3205 3207
f 3208 3206 3308 3310
f 3311 3309 3207 3209
f 3210 3208 3310 3312
f 3313 3311 3209 3211
f 3212 3210 3312 3314
f 3315 3313 3211 3213
f 3214 3212 3314 3316
f 3317 3315 3213 3215
f 3216 3214 3316 3318
f 3319 3317 3215 3217
f 3218 3216 3318 3320
f 3321 3319 3217 3219
f 3220 3218 3320 3322
f 3323 3321 3219 3221
f 3222 3220 3322 3324
f 3325 3323 3221 3223
f 3224 3222 3324 3326
f 3327 3325 3223 3225
f 3226 3224 3326 3328
f 3329 3327 3225 3227
f 3228 3226 3328 3330
f 3331 3329 3227 3229
f 3230 3228 3330 3332
f 3333 3331 3229 3231
f 3232 3230 3332 3334
f 3335 3333 3231 3233
f 3234 3232 3334 3336
f 3337 3335 3233 3235
f 3236 3234 3336 3338
f 3339 3337 3235 3237
f 3238 3236 3338 3340
f 3341 3339 3237 3239
f 3240 3238 3340 3342
f 3343 3341 3239 3241
f 3242 3240 3342 3344
f 3345 3343 3241 3243
f 3244 3242 3344 3346
f 3347 3345 3243 3245
f 3246 3244 3346 3348
f 3349 3347 3245 3247
f 3248 3246 3348 3350
f 3351 3349 3247 3249
f 3250 3248 3350 3352
f 3353 3351 3249 3251
f 3252 3250 3352 3354
f 3355 3353 3251 3253
f 3254 3252 3354 3356
f 3357 3355 3253 3255
f 3256 3254 3356 3358
f 3359 3357 3255 3257
f 3258 3256 3358 3360
f 3361 3359 3257 3259
f 3260 3258 3360 3362
f 3363 3361 3259 3261
f 3262 3260 3362 3364
f 3365 3363 3261 3263
f 3264 3262 3364 3366
f 3369 3367 3265 3267
f 3268 3266 3368 3370
f 3371 3369 3267 3269
f 3270 3268 3370 3372
f 3373 3371 3269 3271
f 3272 3270 3372 3374
f 3375 3373 3271 3273
f 3274 3272 3374 3376
f 3377 3375 3273 3275
f 3276 3274 3376 3378
f 3379 3377 3275 3277
f 3278 3276 3378 3380
f 3381 3379 3277 3279
f 3280 3278 3380 3382
f 3383 3381 3279 3281
f 3282 3280 3382 3384
f 3385 3383 3281 3283
f 3284 3282 3384 3386
f 3387 3385 3283 3285
f 3286 3284 3386 3388
f 3389 3387 3285 3287
f 3288 3286 3388 3390
f 3391 3389 3287 3289
f 3290 3288 3390 3392
f 3393 3391 3289 3291
f 3292 3290 3392 3394
f 3395 3393 3291 3293
f 3294 3292 3394 3396
f 3397 3395 3293 3295
f 3296 3294 3396 3398
f 3399 3397 3295 3297
f 3298 3296 3398 3400
f 3401 3399 3297 3299
f 3300 3298 3400 3402
f 3403 3401 3299 3301
f 3302 3300 3402 3404
f 3405 3403 3301 3303
f 3304 3302 3404 3406
f 3407 3405 3303 3305
f 3306 3304 3406 3408
f 3409 3407 3305 3307
f 3308 3306 3408 3410
f 3411 3409 3307 3309
f 3310 3308 3410 3412
f 3413 3411 3309 3311
f 3312 3310 3412 3414
f 3415 3413 3311 3313
f 3314 3312 3414 3416
f 3417 3415 3313 3315
f 3316 3314 3416 3418
f 3419 3417 3315 3317
f 3318 3316 3418 3420
f 3421 3419 3317 3319
f 3320 3318 3420 3422
f 3423 3421 3319 3321
f 3322 3320 3422 3424
f 3425 3423 3321 3323
f 3324 3322 3424 3426
f 3427 3425 3323 3325
f 3326 3324 3426 3428
f 3429 3427 3325 3327
f 3328 3326 3428 3430
f 3431 3429 3327 3329
f 3330 3328 3430 3432
f 3433 3431 3329 3331
f 3332 3330 3432 3434
f 3435 3433 3331 3333
f 3334 3332 3434 3436
f 3437 3435 3333 3335
f 3336 3334 3436 3438
f 3439 3437 3335 3337
f 3338 3336 3438 3440
f 3441 3439 3337 3339
f 3340 3338 3440 3442
f 3443 3441 3339 3341
f 3342 3340 3442 3444
f 3445 3443 3341 3343
f 3344 3342 3444 3446
f 3447 3445 3343 3345
f 3346 3344 3446 3448
f 3449 3447 3345 3347
f 3348 3346 3448 3450
f 3451 3449 3347 3349
f 3350 3348 3450 3452
f 3453 3451 3349 3351
f 3352 3350 3452 3454
f 3455 3453 3351 3353
f 3354 3352 3454 3456
f 3457 3455 3353 3355
f 3356 3354 3456 3458
f 3459 3457 3355 3357
f 3358 3356 3458 3460
f 3461 3459 3357 3359
f 3360 3358 3460 3462
f 3463 3461 3359 3361
f 3362 3360 3462 3464
f 3465 3463 3361 3363
f 3364 3362 3464 3466
f 3467 3465 3363 3365
f 3366 3364 3466 3468
f 3471 3469 3367 3369
f 3370 3368 3470 3472
f 3473 3471 3369 3371
f 3372 3370 3472 3474
f 3475 3473 3371 3373
f 3374 3372 3474 3476
f 3477 3475 3373 3375
f 3376 3374 3476 3478
f 3479 3477 3375 3377
f 3378 3376 3478 3480
f 3481 3479 3377 3379
f 3380 3378 3480 3482
f 3483 3481 3379 3381
f 3382 3380 3482 3484
f 3485 3483 3381 3383
f 3384 3382 3484 3486
f 3487 3485 3383 3385
f 3386 3384 3486 3488
f 3489 3487 3385 3387
f 3388 3386 3488 3490
f 3491 3489 3387 3389
f 3390 3388 3490 3492
f 3493 3491 3389 3391
f 3392 3390 3492 3494
f 3495 3493 3391 3393
f 3394 3392 3494 3496
f 3497 3495 3393 3395
f 3396 3394 3496 3498
f 3499 3497 3395 3397
f 3398 3396 3498 3500
f 3501 3499 3397 3399
f 3400 3398 3500 3502
f 3503 3501 3399 3401
f 3402 3400 3502 3504
f 3505 3503 3401 3403
f 3404 3402 3504 3506
f 3507 3505 3403 3405
f 3406 3404 3506 3508
f 3509 3507 3405 3407
f 3408 3406 3508 3510
f 3511 3509 3407 3409
f 3410 3408 3510 3512
f 3513 3511 3409 3411
f 3412 3410 3512 3514
f 3515 3513 3411 3413
f 3414 3412 3514 3516
f 3517 3515 3413 3415
f 3416 3414 3516 3518
f 3519 3517 3415 3417
f 3418 3416 3518 3520
f 3521 3519 3417 3419
f 3420 3418 3520 3522
f 3523 3521 3419 3421
f 3422 3420 3522 3524
f 3525 3523 3421 3423
f 3424 3422 3524 3526
f 3527 3525 3423 3425
f 3426 3424 3526 3528
f 3529 3527 3425 3427
f 3428 3426 3528 3530
f 3531 3529 3427 3429
f 3430 3428 3530 3532
f 3533 3531 3429 3431
f 3432 3430 3532 3534
f 3535 3533 3431 3433
f 3434 3432 3534 3536
f 3537 3535 3433 3435
f 3436 3434 3536 3538
f 3539 3537 3435 3437
f 3438 3436 3538 3540
f 3541 3539 3437 3439
f 3440 3438 3540 3542
f 3543 3541 3439 3441
f 3442 3440 3542 3544
f 3545 3543 3441 3443
f 3444 3442 3544 3546
f 3547 3545 3443 3445
f 3446 3444 3546 3548
f 3549 3547 3445 3447
f 3448 3446 3548 3550
f 3551 3549 3447 3449
f 3450 3448 3550 3552
f 3553 3551 3449 3451
f 3452 3450 3552 3554
f 3555 3553 3451 3453
f 3454 3452 3554 3556
f 3557 3555 3453 3455
f 3456 3454 3556 3558
f 3559 3557 3455 3457
f 3458 3456 3558 3560
f 3561 3559 3457 3459
f 3460 3458 3560 3562
f 3563 3561 3459 3461
f 3462 3460 3562 3564
f 3565 3563 3461 3463
f 3464 3462 3564 3566
f 3567 3565 3463 3465
f 3466 3464 3566 3568
f 3569 3567 3465 3467
f 3468 3466 3568 3570
f 3573 3571 3469 3471
f 3472 3470 3572 3574
f 3575 3573 3471 3473
f 3474 3472 3574 3576
f 3577 3575 3473 3475
f 3476 3474 3576 3578
f 3579 3577 3475 3477
f 3478 3476 3578 3580
f 3581 3579 3477 3479
f 3480 3478 3580 3582
f 3583 3581 3479 3481
f 3482 3480 3582 3584
f 3585 3583 3481 3483
f 3484 3482 3584 3586
f 3587 3585 3483 3485
f 3486 3484 3586 3588
f 3589 3587 3485 3487
f 3488 3486 3588 3590
f 3591 3589 3487 3489
f 3490 3488 3590 3592
f 3593 3591 3489 3491
f 3492 3490 3592 3594
f 3595 3593 3491 3493
f 3494 3492 3594 3596
f 3597 3595 3493 3495
f 3496 3494 3596 3598
f 3599 3597 3495 3497
f 3498 3496 3598 3600
f 3601 3599 3497 3499
f 3500 3498 3600 3602
f 3603 3601 3499 3501
f 3502 3500 3602 3604
f 3605 3603 3501 3503
f 3504 3502 3604 3606
f 3607 3605 3503 3505
f 3506 3504 3606 3608
f 3609 3607 3505 3507
f 3508 3506 3608 3610
f 3611 3609 3507 3509
f 3510 3508 3610 3612
f 3613 3611 3509 3511
f 3512 3510 3612 3614
f 3615 3613 3511 3513
f 3514 3512 3614 3616
f 3617 3615 3513 3515
f 3516 3514 3616 3618
f 3619 3617 3515 3517
f 3518 3516 3618 3620
f 3621 3619 3517 3519
f 3520 3518 3620 3622
f 3623 3621 3519 3521
f 3522 3520 3622 3624
f 3625 3623 3521 3523
f 3524 3522 3624 3626
f 3627 3625 3523 3525
f 3526 3524 3626 3628
f 3629 3627 3525 3527
f 3528 3526 3628 3630
f 3631 3629 3527 3529
f 3530 3528 3630 3632
f 3633 3631 3529 3531
f 3532 3530 3632 3634
f 3635 3633 3531 3533
f 3534 3532 3634 3636
f 3637 3635 3533 3535
f 3536 3534 3636 3638
f 3639 3637 3535 3537
f 3538 3536 3638 3640
f 3641 3639 3537 3539
f 3540 3538 3640 3642
f 3643 3641 3539 3541
f 3542 3540 3642 3644
f 3645 3643 3541 3543
f 3544 3542 3644 3646
f 3647 3645 3543 3545
f 3546 3544 3646 3648
f 3649 3647 3545 3547
f 3548 3546 3648 3650
f 3651 3649 3547 3549
f 3550 3548 3650 3652
f 3653 3651 3549 3551
f 3552 3550 3652 3654
f 3655 3653 3551 3553
f 3554 3552 3654 3656
f 3657 3655 3553 3555
f 3556 3554 3656 3658
f 3659 3657 3555 3557
f 3558 3556 3658 3660
f 3661 3659 3557 3559
f 3560 3558 3660 3662
f 3663 3661 3559 3561
f 3562 3560 3662 3664
f 3665 3663 3561 3563
f 3564 3562 3664 3666
f 3667 3665 3563 3565
f 3566 3564 3666 3668
f 3669 3667 3565 3567
f 3568 3566 3668 3670
f 3671 3669 3567 3569
f 3570 3568 3670 3672
f 3675 3673 3571 3573
f 3574 3572 3674 3676
f 3677 3675 3573 3575
f 3576 3574 3676 3678
f 3679 3677 3575 3577
f 3578 3576 3678 3680
f 3681 3679 3577 3579
f 3580 3578 3680 3682
f 3683 3681 3579 3581
f 3582 3580 3682 3684
f 3685 3683 3581 3583
f 3584 3582 3684 3686
f 3687 3685 3583 3585
f 3586 3584 3686 3688
f 3689 3687 3585 3587
f 3588 3586 3688 3690
f 3691 3689 3587 3589
f 3590 3588 3690 3692
f 3693 3691 3589 3591
f 3592 3590 3692 3694
f 3695 3693 3591 3593
f 3594 3592 3694 3696
f 3697 3695 3593 3595
f 3596 3594 3696 3698
f 3699 3697 3595 3597
f 3598 3596 3698 3700
f 3701 3699 3597 3599
f 3600 3598 3700 3702
f 3703 3701 3599 3601
f 3602 3600 3702 3704
f 3705 3703 3601 3603
f 3604 3602 3704 3706
f 3707 3705 3603 3605
f 3606 3604 3706 3708
f 3709 3707 3605 3607
f 3608 3606 3708 3710
f 3711 3709 3607 3609
f 3610 3608 3710 3712
f 3713 3711 3609 3611
f 3612 3610 3712 3714
f 3715 3713 3611 3613
f 3614 3612 3714 3716
f 3717 3715 3613 3615
f 3616 3614 3716 3718
f 3719 3717 3615 3617
f 3618 3616 3718 3720
f 3721 3719 3617 3619
f 3620 3618 3720 3722
f 3723 3721 3619 3621
f 3622 3620 3722 3724
f 3725 3723 3621 3623
f 3624 3622 3724 3726
f 3727 3725 3623 3625
f 3626 3624 3726 3728
f 3729 3727 3625 3627
f 3628 3626 3728 3730
f 3731 3729 3627 3629
f 3630 3628 3730 3732
f 3733 3731 3629 3631
f 3632 3630 3732 3734
f 3735 3733 3631 3633
f 3634 3632 3734 3736
f 3737 3735 3633 3635
f 3636 3634 3736 3738
f 3739 3737 3635 3637
f 3638 3636 3738 3740
f 3741 3739 3637 3639
f 3640 3638 3740 3742
f 3743 3741 3639 3641
f 3642 3640 3742 3744
f 3745 3743 3641 3643
f 3644 3642 3744 3746
f 3747 3745 3643 3645
f 3646 3644 3746 3748
f 3749 3747 3645 3647
f 3648 3646 3748 3750
f 3751 3749 3647 3649
f 3650 3648 3750 3752
f 3753 3751 3649 3651
f 3652 3650 3752 3754
f 3755 3753 3651 3653
f 3654 3652 3754 3756
f 3757 3755 3653 3655
f 3656 3654 3756 3758
f 3759 3757 3655 3657
f 3658 3656 3758 3760
f 3761 3759 3657 3659
f 3660 3658 3760 3762
f 3763 3761 3659 3661
f 3662 3660 3762 3764
f 3765 3763 3661 3663
f 3664 3662 3764 3766
f 3767 3765 3663 3665
f 3666 3664 3766 3768
f 3769 3767 3665 3667
f 3668 3666 3768 3770
f 3771 3769 3667 3669
f 3670 3668 3770 3772
f 3773 3771 3669 3671
f 3672 3670 3772 3774
f 3777 3775 3673 3675
f 3676 3674 3776 3778
f 3779 3777 3675 3677
f 3678 3676 3778 3780
f 3781 3779 3677 3679
f 3680 3678 3780 3782
f 3783 3781 3679 3681
f 3682 3680 3782 3784
f 3785 3783 3681 3683
f 3684 3682 3784 3786
f 3787 3785 3683 3685
f 3686 3684 3786 3788
f 3789 3787 3685 3687
f 3688 3686 3788 3790
f 3791 3789 3687 3689
f 3690 3688 3790 3792
f 3793 3791 3689 3691
f 3692 3690 3792 3794
f 3795 3793 3691 3693
f 3694 3692 3794 3796
f 3797 3795 3693 3695
f 3696 3694 3796 3798
f 3799 3797 3695 3697
f 3698 3696 3798 3800
f 3801 3799 3697 3699
f 3700 3698 3800 3802
f 3803 3801 3699 3701
f 3702 3700 3802 3804
f 3805 3803 3701 3703
f 3704 3702 3804 3806
f 3807 3805 3703 3705
f 3706 3704 3806 3808
f 3809 3807 3705 3707
f 3708 3706 3808 3810
f 3811 3809 3707 3709
f 3710 3708 3810 3812
f 3813 3811 3709 3711
f 3712 3710 3812 3814
f 3815 3813 3711 3713
f 3714 3712 3814 3816
f 3817 3815 3713 3715
f 3716 3714 3816 3818
f 3819 3817 3715 3717
f 3718 3716 3818 3820
f 3821 3819 3717 3719
f 3720 3718 3820 3822
f 3823 3821 3719 3721
f 3722 3720 3822 3824
f 3825 3823 3721 3723
f 3724 3722 3824 3826
f 3827 3825 3723 3725
f 3726 3724 3826 3828
f 3829 3827 3725 3727
f 3728 3726 3828 3830
f 3831 3829 3727 3729
f 3730 3728 3830 3832
f 3833 3831 3729 3731
f 3732 3730 3832 3834
f 3835 3833 3731 3733
f 3734 3732 3834 3836
f 3837 3835 3733 3735
f 3736 3734 3836 3838
f 3839 3837 3735 3737
f 3738 3736 3838 3840
f 3841 3839 3737 3739
f 3740 3738 3840 3842
f 3843 3841 3739 3741
f 3742 3740 3842 3844
f 3845 3843 3741 3743
f 3744 3742 3844 3846
f 3847 3845 3743 3745
f 3746 3744 3846 3848
f 3849 3847 3745 3747
f 3748 3746 3848 3850
f 3851 3849 3747 3749
f 3750 3748 3850 3852
f 3853 3851 3749 3751
f 3752 3750 3852 3854
f 3855 3853 3751 3753
f 3754 3752 3854 3856
f 3857 3855 3753 3755
f 3756 3754 3856 3858
f 3859 3857 3755 3757
f 3758 3756 3858 3860
f 3861 3859 3757 3759
f 3760 3758 3860 3862
f 3863 3861 3759 3761
f 3762 3760 3862 3864
f 3865 3863 3761 3763
f 3764 3762 3864 3866
f 3867 3865 3763 3765
f 3766 3764 3866 3868
f 3869 3867 3765 3767
f 3768 3766 3868 3870
f 3871 3869 3767 3769
f 3770 3768 3870 3872
f 3873 3871 3769 3771
f 3772 3770 3872 3874
f 3875 3873 3771 3773
f 3774 3772 3874 3876
f 3879 3877 3775 3777
f 3778 3776 3878 3880
f 3881 3879 3777 3779
f 3780 3778 3880 3882
f 3883 3881 3779 3781
f 3782 3780 3882 3884
f 3885 3883 3781 3783
f 3784 3782 3884 3886
f 3887 3885 3783 3785
f 3786 3784 3886 3888
f 3889 3887 3785 3787
f 3788 3786 3888 3890
f 3891 3889 3787 3789
f 3790 3788 3890 3892
f 3893 3891 3789 3791
f 3792 3790 3892 3894
f 3895 3893 3791 3793
f 3794 3792 3894 3896
f 3897 3895 3793 3795
f 3796 3794 3896 3898
f 3899 3897 3795 3797
f 3798 3796 3898 3900
f 3901 3899 3797 3799
f 3800 3798 3900 3902
f 3903 3901 3799 3801
f 3802 3800 3902 3904
f 3905 3903 3801 3803
f 3804 3802 3904 3906
f 3907 3905 3803 3805
f 3806 3804 3906 3908
f 3909 3907 3805 3807
f 3808 3806 3908 3910
f 3911 3909 3807 3809
f 3810 3808 3910 3912
f 3913 3911 3809 3811
f 3812 3810 3912 3914
f 3915 3913 3811 3813
f 3814 3812 3914 3916
f 3917 3915 3813 3815
f 3816 3814 3916 3918
f 3919 3917 3815 3817
f 3818 3816 3918 3920
f 3921 3919 3817 3819
f 3820 3818 3920 3922
f 3923 3921 3819 3821
f 3822 3820 3922 3924
f 3925 3923 3821 3823
f 3824 3822 3924 3926
f 3927 3925 3823 3825
f 3826 3824 3926 3928
f 3929 3927 3825 3827
f 3828 3826 3928 3930
f 3931 3929 3827 3829
f 3830 3828 3930 3932
f 3933 3931 3829 3831
f 3832 3830 3932 3934
f 3935 3933 3831 3833
f 3834 3832 3934 3936
f 3937 3935 3833 3835
f 3836 3834 3936 3938
f 3939 3937 3835 3837
f 3838 3836 3938 3940
f 3941 3939 3837 3839
f 3840 3838 3940 3942
f 3943 3941 3839 3841
f 3842 3840 3942 3944
f 3945 3943 3841 3843
f 3844 3842 3944 3946
f 3947 3945 3843 3845
f 3846 3844 3946 3948
f 3949 3947 3845 3847
f 3848 3846 3948 3950
f 3951 3949 3847 3849
f 3850 3848 3950 3952
f 3953 3951 3849 3851
f 3852 3850 3952 3954
f 3955 3953 3851 3853
f 3854 3852 3954 3956
f 3957 3955 3853 3855
f 3856 3854 3956 3958
f 3959 3957 3855 3857
f 3858 3856 3958 3960
f 3961 3959 3857 3859
f 3860 3858 3960 3962
f 3963 3961 3859 3861
f 3862 3860 3962 3964
f 3965 3963 3861 3863
f 3864 3862 3964 3966
f 3967 3965 3863 3865
f 3866 3864 3966 3968
f 3969 3967 3865 3867
f 3868 3866 3968 3970
f 3971 3969 3867 3869
f 3870 3868 3970 3972
f 3973 3971 3869 3871
f 3872 3870 3972 3974
f 3975 3973 3871 3873
f 3874 3872 3974 3976
f 3977 3975 3873 3875
f 3876 3874 3976 3978
f 3981 3979 3877 3879
f 3880 3878 3980 3982
f 3983 3981 3879 3881
f 3882 3880 3982 3984
f 3985 3983 3881 3883
f 3884 3882 3984 3986
f 3987 3985 3883 3885
f 3886 3884 3986 3988
f 3989 3987 3885 3887
f 3888 3886 3988 3990
f 3991 3989 3887 3889
f 3890 3888 3990 3992
f 3993 3991 3889 3891
f 3892 3890 3992 3994
f 3995 3993 3891 3893
f 3894 3892 3994 3996
f 3997 3995 3893 3895
f 3896 3894 3996 3998
f 3999 3997 3895 3897
f 3898 3896 3998 4000
f 4001 3999 3897 3899
f 3900 3898 4000 4002
f 4003 4001 3899 3901
f 3902 3900 4002 4004
f 4005 4003 3901 3903
f 3904 3902 4004 4006
f 4007 4005 3903 3905
f 3906 3904 4006 4008
f 4009 4007 3905 3907
f 3908 3906 4008 4010
f 4011 4009 3907 3909
f 3910 3908 4010 4012
f 4013 4011 3909 3911
f 3912 3910 4012 4014
f 4015 4013 3911 3913
f 3914 3912 4014 4016
f 4017 4015 3913 3915
f 3916 3914 4016 4018
f 4019 4017 3915 3917
f 3918 3916 4018 4020
f 4021 4019 3917 3919
f 3920 3918 4020 4022
f 4023 4021 3919 3921
f 3922 3920 4022 4024
f 4025 4023 3921 3923
f 3924 3922 4024 4026
f 4027 4025 3923 3925
f 3926 3924 4026 4028
f 4029 4027 3925 3927
f 3928 3926 4028 4030
f 4031 4029 3927 3929
f 3930 3928 4030 4032
f 4033 4031 3929 3931
f 3932 3930 4032 4034
f 4035 4033 3931 3933
f 3934 3932 4034 4036
f 4037 4035 3933 3935
f 3936 3934 4036 4038
f 4039 4037 3935 3937
f 3938 3936 4038 4040
f 4041 4039 3937 3939
f 3940 3938 4040 4042
f 4043 4041 3939 3941
f 3942 3940 4042 4044
f 4045 4043 3941 3943
f 3944 3942 4044 4046
f 4047 4045 3943 3945
f 3946 3944 4046 4048
f 4049 4047 3945 3947
f 3948 3946 4048 4050
f 4051 4049 3947 3949
f 3950 3948 4050 4052
f 4053 4051 3949 3951
f 3952 3950 4052 4054
f 4055 4053 3951 3953
f 3954 3952 4054 4056
f 4057 4055 3953 3955
f 3956 3954 4056 4058
f 4059 4057 3955 3957
f 3958 3956 4058 4060
f 4061 4059 3957 3959
f 3960 3958 4060 4062
f 4063 4061 3959 3961
f 3962 3960 4062 4064
f 4065 4063 3961 3963
f 3964 3962 4064 4066
f 4067 4065 3963 3965
f 3966 3964 4066 4068
f 4069 4067 3965 3967
f 3968 3966 4068 4070
f 4071 4069 3967 3969
f 3970 3968 4070 4072
f 4073 4071 3969 3971
f 3972 3970 4072 4074
f 4075 4073 3971 3973
f 3974 3972 4074 4076
f 4077 4075 3973 3975
f 3976 3974 4076 4078
f 4079 4077 3975 3977
f 3978 3976 4078 4080
f 4083 4081 3979 3981
f 3982 3980 4082 4084
f 4085 4083 3981 3983
f 3984 3982 4084 4086
f 4087 4085 3983 3985
f 3986 3984 4086 4088
f 4089 4087 3985 3987
f 3988 3986 4088 4090
f 4091 4089 3987 3989
f 3990 3988 4090 4092
f 4093 4091 3989 3991
f 3992 3990 4092 4094
f 4095 4093 3991 3993
f 3994 3992 4094 4096
f 4097 4095 3993 3995
f 3996 3994 4096 4098
f 4099 4097 3995 3997
f 3998 3996 4098 4100
f 4101 4099 3997 3999
f 4000 3998 4100 4102
f 4103 4101 3999 4001
f 4002 4000 4102 4104
f 4105 4103 4001 4003
f 4004 4002 4104 4106
f 4107 4105 4003 4005
f 4006 4004 4106 4108
f 4109 4107 4005 4007
f 4008 4006 4108 4110
f 4111 4109 4007 4009
f 4010 4008 4110 4112
f 4113 4111 4009 4011
f 4012 4010 4112 4114
f 4115 4113 4011 4013
f 4014 4012 4114 4116
f 4117 4115 4013 4015
f 4016 4014 4116 4118
f 4119 4117 4015 4017
f 4018 4016 4118 4120
f 4121 4119 4017 4019
f 4020 4018 4120 4122
f 4123 4121 4019 4021
f 4022 4020 4122 4124
f 4125 4123 4021 4023
f 4024 4022 4124 4126
f 4127 4125 4023 4025
f 4026 4024 4126 4128
f 4129 4127 4025 4027
f 4028 4026 4128 4130
f 4131 4129 4027 4029
f 4030 4028 4130 4132
f 4133 4131 4029 4031
f 4032 4030 4132 4134
f 4135 4133 4031 4033
f 4034 4032 4134 4136
f 4137 4135 4033 4035
f 4036 4034 4136 4138
f 4139 4137 4035 4037
f 4038 4036 4138 4140
f 4141 4139 4037 4039
f 4040 4038 4140 4142
f 4143 4141 4039 4041
f 4042 4040 4142 4144
f 4145 4143 4041 4043
f 4044 4042 4144 4146
f 4147 4145 4043 4045
f 4046 4044 4146 4148
f 4149 4147 4045 4047
f 4048 4046 4148 4150
f 4151 4149 4047 4049
f 4050 4048 4150 4152
f 4153 4151 4049 4051
f 4052 4050 4152 4154
f 4155 4153 4051 4053
f 4054 4052 4154 4156
f 4157 4155 4053 4055
f 4056 4054 4156 4158
f 4159 4157 4055 4057
f 4058 4056 4158 4160
f 4161 4159 4057 4059
f 4060 4058 4160 4162
f 4163 4161 4059 4061
f 4062 4060 4162 4164
f 4165 4163 4061 4063
f 4064 4062 4164 4166
f 4167 4165 4063 4065
f 4066 4064 4166 4168
f 4169 4167 4065 4067
f 4068 4066 4168 4170
f 4171 4169 4067 4069
f 4070 4068 4170 4172
f 4173 4171 4069 4071
f 4072 4070 4172 4174
f 4175 4173 4071 4073
f 4074 4072 4174 4176
f 4177 4175 4073 4075
f 4076 4074 4176 4178
f 4179 4177 4075 4077
f 4078 4076 4178 4180
f 4181 4179 4077 4079
f 4080 4078 4180 4182
f 4185 4183 4081 4083
f 4084 4082 4184 4186
f 4187 4185 4083 4085
f 4086 4084 4186 4188
f 4189 4187 4085 4087
f 4088 4086 4188 4190
f 4191 4189 4087 4089
f 4090 4088 4190 4192
f 4193 4191 4089 4091
f 4092 4090 4192 4194
f 4195 4193 4091 4093
f 4094 4092 4194 4196
f 4197 4195 4093 4095
f 4096 4094 4196 4198
f 4199 4197 4095 4097
f 4098 4096 4198 4200
f 4201 4199 4097 4099
f 4100 4098 4200 4202
f 4203 4201 4099 4101
f 4102 4100 4202 4204
f 4205 4203 4101 4103
f 4104 4102 4204 4206
f 4207 4205 4103 4105
f 4106 4104 4206 4208
f 4209 4207 4105 4107
f 4108 4106 4208 4210
f 4211 4209 4107 4109
f 4110 4108 4210 4212
f 4213 4211 4109 4111
f 4112 4110 4212 4214
f 4215 4213 4111 4113
f 4114 4112 4214 4216
f 4217 4215 4113 4115
f 4116 4114 4216 4218
f 4219 4217 4115 4117
f 4118 4116 4218 4220
f 4221 4219 4117 4119
f 4120 4118 4220 4222
f 4223 4221 4119 4121
f 4122 4120 4222 4224
f 4225 4223 4121 4123
f 4124 4122 4224 4226
f 4227 4225 4123 4125
f 4126 4124 4226 4228
f 4229 4227 4125 4127
f 4128 4126 4228 4230
f 4231 4229 4127 4129
f 4130 4128 4230 4232
f 4233 4231 4129 4131
f 4132 4130 4232 4234
f 4235 4233 4131 4133
f 4134 4132 4234 4236
f 4237 4235 4133 4135
f 4136 4134 4236 4238
f 4239 4237 4135 4137
f 4138 4136 4238 4240
f 4241 4239 4137 4139
f 4140 4138 4240 4242
f 4243 4241 4139 4141
f 4142 4140 4242 4244
f 4245 4243 4141 4143
f 4144 4142 4244 4246
f 4247 4245 4143 4145
f 4146 4144 4246 4248
f 4249 4247 4145 4147
f 4148 4146 4248 4250
f 4251 4249 4147 4149
f 4150 4148 4250 4252
f 4253 4251 4149 4151
f 4152 4150 4252 4254
f 4255 4253 4151 4153
f 4154 4152 4254 4256
f 4257 4255 4153 4155
f 4156 4154 4256 4258
f 4259 4257 4155 4157
f 4158 4156 4258 4260
f 4261 4259 4157 4159
f 4160 4158 4260 4262
f 4263 4261 4159 4161
f 4162 4160 4262 4264
f 4265 4263 4161 4163
f 4164 4162 4264 4266
f 4267 4265 4163 4165
f 4166 4164 4266 4268
f 4269 4267 4165 4167
f 4168 4166 4268 4270
f 4271 4269 4167 4169
f 4170 4168 4270 4272
f 4273 4271 4169 4171
f 4172 4170 4272 4274
f 4275 4273 4171 4173
f 4174 4172 4274 4276
f 4277 4275 4173 4175
f 4176 4174 4276 4278
f 4279 4277 4175 4177
f 4178 4176 4278 4280
f 4281 4279 4177 4179
f 4180 4178 4280 4282
f 4283 4281 4179 4181
f 4182 4180 4282 4284
f 4287 4285 4183 4185
f 4186 4184 4286 4288
f 4289 4287 4185 4187
f 4188 4186 4288 4290
f 4291 4289 4187 4189
f 4190 4188 4290 4292
f 4293 4291 4189 4191
f 4192 4190 4292 4294
f 4295 4293 4191 4193
f 4194 4192 4294 4296
f 4297 4295 4193 4195
f 4196 4194 4296 4298
f 4299 4297 4195 4197
f 4198 4196 4298 4300
f 4301 4299 4197 4199
f 4200 4198 4300 4302
f 4303 4301 4199 4201
f 4202 4200 4302 4304
f 4305 4303 4201 4203
f 4204 4202 4304 4306
f 4307 4305 4203 4205
f 4206 4204 4306 4308
f 4309 4307 4205 4207
f 4208 4206 4308 4310
f 4311 4309 4207 4209
f 4210 4208 4310 4312
f 4313 4311 4209 4211
f 4212 4210 4312 4314
f 4315 4313 4211 4213
f 4214 4212 4314 4316
f 4317 4315 4213 4215
f 4216 4214 4316 4318
f 4319 4317 4215 4217
f 4218 4216 4318 4320
f 4321 4319 4217 4219
f 4220 4218 4320 4322
f 4323 4321 4219 4221
f 4222 4220 4322 4324
f 4325 4323 4221 4223
f 4224 4222 4324 4326
f 4327 4325 4223 4225
f 4226 4224 4326 4328
f 4329 4327 4225 4227
f 4228 4226 4328 4330
f 4331 4329 4227 4229
f 4230 4228 4330 4332
f 4333 4331 4229 4231
f 4232 4230 4332 4334
f 4335 4333 4231 4233
f 4234 4232 4334 4336
f 4337 4335 4233 4235
f 4236 4234 4336 4338
f 4339 4337 4235 4237
f 4238 4236 4338 4340
f 4341 4339 4237 4239
f 4240 4238 4340 4342
f 4343 4341 4239 4241
f 4242 4240 4342 4344
f 4345 4343 4241 4243
f 4244 4242 4344 4346
f 4347 4345 4243 4245
f 4246 4244 4346 4348
f 4349 4347 4245 4247
f 4248 4246 4348 4350
f 4351 4349 4247 4249
f 4250 4248 4350 4352
f 4353 4351 4249 4251
f 4252 4250 4352 4354
f 4355 4353 4251 4253
f 4254 4252 4354 4356
f 4357 4355 4253 4255
f 4256 4254 4356 4358
f 4359 4357 4255 4257
f 4258 4256 4358 4360
f 4361 4359 4257 4259
f 4260 4258 4360 4362
f 4363 4361 4259 4261
f 4262 4260 4362 4364
f 4365 4363 4261 4263
f 4264 4262 4364 4366
f 4367 4365 4263 4265
f 4266 4264 4366 4368
f 4369 4367 4265 4267
f 4268 4266 4368 4370
f 4371 4369 4267 4269
f 4270 4268 4370 4372
f 4373 4371 4269 4271
f 4272 4270 4372 4374
f 4375 4373 4271 4273
f 4274 4272 4374 4376
f 4377 4375 4273 4275
f 4276 4274 4376 4378
f 4379 4377 4275 4277
f 4278 4276 4378 4380
f 4381 4379 4277 4279
f 4280 4278 4380 4382
f 4383 4381 4279 4281
f 4282 4280 4382 4384
f 4385 4383 4281 4283
f 4284 4282 4384 4386
f 4389 4387 4285 4287
f 4288 4286 4388 4390
f 4391 4389 4287 4289
f 4290 4288 4390 4392
f 4393 4391 4289 4291
f 4292 4290 4392 4394
f 4395 4393 4291 4293
f 4294 4292 4394 4396
f 4397 4395 4293 4295
f 4296 4294 4396 4398
f 4399 4397 4295 4297
f 4298 4296 4398 4400
f 4401 4399 4297 4299
f 4300 4298 4400 4402
f 4403 4401 4299 4301
f 4302 4300 4402 4404
f 4405 4403 4301 4303
f 4304 4302 4404 4406
f 4407 4405 4303 4305
f 4306 4304 4406 4408
f 4409 4407 4305 4307
f 4308 4306 4408 4410
f 4411 4409 4307 4309
f 4310 4308 4410 4412
f 4413 4411 4309 4311
f 4312 4310 4412 4414
f 4415 4413 4311 4313
f 4314 4312 4414 4416
f 4417 4415 4313 4315
f 4316 4314 4416 4418
f 4419 4417 4315 4317
f 4318 4316 4418 4420
f 4421 4419 4317 4319
f 4320 4318 4420 4422
f 4423 4421 4319 4321
f 4322 4320 4422 4424
f 4425 4423 4321 4323
f 4324 4322 4424 4426
f 4427 4425 4323 4325
f 4326 4324 4426 4428
f 4429 4427 4325 4327
f 4328 4326 4428 4430
f 4431 4429 4327 4329
f 4330 4328 4430 4432
f 4433 4431 4329 4331
f 4332 4330 4432 4434
f 4435 4433 4331 4333
f 4334 4332 4434 4436
f 4437 4435 4333 4335
f 4336 4334 4436 4438
f 4439 4437 4335 4337
f 4338 4336 4438 4440
f 4441 4439 4337 4339
f 4340 4338 4440 4442
f 4443 4441 4339 4341
f 4342 4340 4442 4444
f 4445 4443 4341 4343
f 4344 4342 4444 4446
f 4447 4445 4343 4345
f 4346 4344 4446 4448
f 4449 4447 4345 4347
f 4348 4346 4448 4450
f 4451 4449 4347 4349
f 4350 4348 4450 4452
f 4453 4451 4349 4351
f 4352 4350 4452 4454
f 4455 4453 4351 4353
f 4354 4352 4454 4456
f 4457 4455 4353 4355
f 4356 4354 4456 4458
f 4459 4457 4355 4357
f 4358 4356 4458 4460
f 4461 4459 4357 4359
f 4360 4358 4460 4462
f 4463 4461 4359 4361
f 4362 4360 4462 4464
f 4465 4463 4361 4363
f 4364 4362 4464 4466
f 4467 4465 4363 4365
f 4366 4364 4466 4468
f 4469 4467 4365 4367
f 4368 4366 4468 4470
f 4471 4469 4367 4369
f 4370 4368 4470 4472
f 4473 4471 4369 4371
f 4372 4370 4472 4474
f 4475 4473 4371 4373
f 4374 4372 4474 4476
f 4477 4475 4373 4375
f 4376 4374 4476 4478
f 4479 4477 4375 4377
f 4378 4376 4478 4480
f 4481 4479 4377 4379
f 4380 4378 4480 4482
f 4483 4481 4379 4381
f 4382 4380 4482 4484
f 4485 4483 4381 4383
f 4384 4382 4484 4486
f 4487 4485 4383 4385
f 4386 4384 4486 4488
f 4491 4489 4387 4389
f 4390 4388 4490 4492
f 4493 4491 4389 4391
f 4392 4390 4492 4494
f 4495 4493 4391 4393
f 4394 4392 4494 4496
f 4497 4495 4393 4395
f 4396 4394 4496 4498
f 4499 4497 4395 4397
f 4398 4396 4498 4500
f 4501 4499 4397 4399
f 4400 4398 4500 4502
f 4503 4501 4399 4401
f 4402 4400 4502 4504
f 4505 4503 4401 4403
f 4404 4402 4504 4506
f 4507 4505 4403 4405
f 4406 4404 4506 4508
f 4509 4507 4405 4407
f 4408 4406 4508 4510
f 4511 4509 4407 4409
f 4410 4408 4510 4512
f 4513 4511 4409 4411
f 4412 4410 4512 4514
f 4515 4513 4411 4413
f 4414 4412 4514 4516
f 4517 4515 4413 4415
f 4416 4414 4516 4518
f 4519 4517 4415 4417
f 4418 4416 4518 4520
f 4521 4519 4417 4419
f 4420 4418 4520 4522
f 4523 4521 4419 4421
f 4422 4420 4522 4524
f 4525 4523 4421 4423
f 4424 4422 4524 4526
f 4527 4525 4423 4425
f 4426 4424 4526 4528
f 4529 4527 4425 4427
f 4428 4426 4528 4530
f 4531 4529 4427 4429
f 4430 4428 4530 4532
f 4533 4531 4429 4431
f 4432 4430 4532 4534
f 4535 4533 4431 4433
f 4434 4432 4534 4536
f 4537 4535 4433 4435
f 4436 4434 4536 4538
f 4539 4537 4435 4437
f 4438 4436 4538 4540
f 4541 4539 4437 4439
f 4440 4438 4540 4542
f 4543 4541 4439 4441
f 4442 4440 4542 4544
f 4545 4543 4441 4443
f 4444 4442 4544 4546
f 4547 4545 4443 4445
f 4446 4444 4546 4548
f 4549 4547 4445 4447
f 4448 4446 4548 4550
f 4551 4549 4447 4449
f 4450 4448 4550 4552
f 4553 4551 4449 4451
f 4452 4450 4552 4554
f 4555 4553 4451 4453
f 4454 4452 4554 4556
f 4557 4555 4453 4455
f 4456 4454 4556 4558
f 4559 4557 4455 4457
f 4458 4456 4558 4560
f 4561 4559 4457 4459
f 4460 4458 4560 4562
f 4563 4561 4459 4461
f 4462 4460 4562 4564
f 4565 4563 4461 4463
f 4464 4462 4564 4566
f 4567 4565 4463 4465
f 4466 4464 4566 4568
f 4569 4567 4465 4467
f 4468 4466 4568 4570
f 4571 4569 4467 4469
f 4470 4468 4570 4572
f 4573 4571 4469 4471
f 4472 4470 4572 4574
f 4575 4573 4471 4473
f 4474 4472 4574 4576
f 4577 4575 4473 4475
f 4476 4474 4576 4578
f 4579 4577 4475 4477
f 4478 4476 4578 4580
f 4581 4579 4477 4479
f 4480 4478 4580 4582
f 4583 4581 4479 4481
f 4482 4480 4582 4584
f 4585 4583 4481 4483
f 4484 4482 4584 4586
f 4587 4585 4483 4485
f 4486 4484 4586 4588
f 4589 4587 4485 4487
f 4488 4486 4588 4590
f 4593 4591 4489 4491
f 4492 4490 4592 4594
f 4595 4593 4491 4493
f 4494 4492 4594 4596
f 4597 4595 4493 4495
f 4496 4494 4596 4598
f 4599 4597 4495 4497
f 4498 4496 4598 4600
f 4601 4599 4497 4499
f 4500 4498 4600 4602
f 4603 4601 4499 4501
f 4502 4500 4602 4604
f 4605 4603 4501 4503
f 4504 4502 4604 4606
f 4607 4605 4503 4505
f 4506 4504 4606 4608
f 4609 4607 4505 4507
f 4508 4506 4608 4610
f 4611 4609 4507 4509
f 4510 4508 4610 4612
f 4613 4611 4509 4511
f 4512 4510 4612 4614
f 4615 4613 4511 4513
f 4514 4512 4614 4616
f 4617 4615 4513 4515
f 4516 4514 4616 4618
f 4619 4617 4515 4517
f 4518 4516 4618 4620
f 4621 4619 4517 4519
f 4520 4518 4620 4622
f 4623 4621 4519 4521
f 4522 4520 4622 4624
f 4625 4623 4521 4523
f 4524 4522 4624 4626
f 4627 4625 4523 4525
f 4526 4524 4626 4628
f 4629 4627 4525 4527
f 4528 4526 4628 4630
f 4631 4629 4527 4529
f 4530 4528 4630 4632
f 4633 4631 4529 4531
f 4532 4530 4632 4634
f 4635 4633 4531 4533
f 4534 4532 4634 4636
f 4637 4635 4533 4535
f 4536 4534 4636 4638
f 4639 4637 4535 4537
f 4538 4536 4638 4640
f 4641 4639 4537 4539
f 4540 4538 4640 4642
f 4643 4641 4539 4541
f 4542 4540 4642 4644
f 4645 4643 4541 4543
f 4544 4542 4644 4646
f 4647 4645 4543 4545
f 4546 4544 4646 4648
f 4649 4647 4545 4547
f 4548 4546 4648 4650
f 4651 4649 4547 4549
f 4550 4548 4650 4652
f 4653 4651 4549 4551
f 4552 4550 4652 4654
f 4655 4653 4551 4553
f 4554 4552 4654 4656
f 4657 4655 4553 4555
f 4556 4554 4656 4658
f 4659 4657 4555 4557
f 4558 4556 4658 4660
f 4661 4659 4557 4559
f 4560 4558 4660 4662
f 4663 4661 4559 4561
f 4562 4560 4662 4664
f 4665 4663 4561 4563
f 4564 4562 4664 4666
f 4667 4665 4563 4565
f 4566 4564 4666 4668
f 4669 4667 4565 4567
f 4568 4566 4668 4670
f 4671 4669 4567 4569
f 4570 4568 4670 4672
f 4673 4671 4569 4571
f 4572 4570 4672 4674
f 4675 4673 4571 4573
f 4574 4572 4674 4676
f 4677 4675 4573 4575
f 4576 4574 4676 4678
f 4679 4677 4575 4577
f 4578 4576 4678 4680
f 4681 4679 4577 4579
f 4580 4578 4680 4682
f 4683 4681 4579 4581
f 4582 4580 4682 4684
f 4685 4683 4581 4583
f 4584 4582 4684 4686
f 4687 4685 4583 4585
f 4586 4584 4686 4688
f 4689 4687 4585 4587
f 4588 4586 4688 4690
f 4691 4689 4587 4589
f 4590 4588 4690 4692
f 4695 4693 4591 4593
f 4594 4592 4694 4696
f 4697 4695 4593 4595
f 4596 4594 4696 4698
f 4699 4697 4595 4597
f 4598 4596 4698 4700
f 4701 4699 4597 4599
f 4600 4598 4700 4702
f 4703 4701 4599 4601
f 4602 4600 4702 4704
f 4705 4703 4601 4603
f 4604 4602 4704 4706
f 4707 4705 4603 4605
f 4606 4604 4706 4708
f 4709 4707 4605 4607
f 4608 4606 4708 4710
f 4711 4709 4607 4609
f 4610 4608 4710 4712
f 4713 4711 4609 4611
f 4612 4610 4712 4714
f 4715 4713 4611 4613
f 4614 4612 4714 4716
f 4717 4715 4613 4615
f 4616 4614 4716 4718
f 4719 4717 4615 4617
f 4618 4616 4718 4720
f 4721 4719 4617 4619
f 4620 4618 4720 4722
f 4723 4721 4619 4621
f 4622 4620 4722 4724
f 4725 4723 4621 4623
f 4624 4622 4724 4726
f 4727 4725 4623 4625
f 4626 4624 4726 4728
f 4729 4727 4625 4627
f 4628 4626 4728 4730
f 4731 4729 4627 4629
f 4630 4628 4730 4732
f 4733 4731 4629 4631
f 4632 4630 4732 4734
f 4735 4733 4631 4633
f 4634 4632 4734 4736
f 4737 4735 4633 4635
f 4636 4634 4736 4738
f 4739 4737 4635 4637
f 4638 4636 4738 4740
f 4741 4739 4637 4639
f 4640 4638 4740 4742
f 4743 4741 4639 4641
f 4642 4640 4742 4744
f 4745 4743 4641 4643
f 4644 4642 4744 4746
f 4747 4745 4643 4645
f 4646 4644 4746 4748
f 4749 4747 4645 4647
f 4648 4646 4748 4750
f 4751 4749 4647 4649
f 4650 4648 4750 4752
f 4753 4751 4649 4651
f 4652 4650 4752 4754
f 4755 4753 4651 4653
f 4654 4652 4754 4756
f 4757 4755 4653 4655
f 4656 4654 4756 4758
f 4759 4757 4655 4657
f 4658 4656 4758 4760
f 4761 4759 4657 4659
f 4660 4658 4760 4762
f 4763 4761 4659 4661
f 4662 4660 4762 4764
f 4765 4763 4661 4663
f 4664 4662 4764 4766
f 4767 4765 4663 4665
f 4666 4664 4766 4768
f 4769 4767 4665 4667
f 4668 4666 4768 4770
f 4771 4769 4667 4669
f 4670 4668 4770 4772
f 4773 4771 4669 4671
f 4672 4670 4772 4774
f 4775 4773 4671 4673
f 4674 4672 4774 4776
f 4777 4775 4673 4675
f 4676 4674 4776 4778
f 4779 4777 4675 4677
f 4678 4676 4778 4780
f 4781 4779 4677 4679
f 4680 4678 4780 4782
f 4783 4781 4679 4681
f 4682 4680 4782 4784
f 4785 4783 4681 4683
f 4684 4682 4784 4786
f 4787 4785 4683 4685
f 4686 4684 4786 4788
f 4789 4787 4685 4687
f 4688 4686 4788 4790
f 4791 4789 4687 4689
f 4690 4688 4790 4792
f 4793 4791 4689 4691
f 4692 4690 4792 4794
f 4797 4795 4693 4695
f 4696 4694 4796 4798
f 4799 4797 4695 4697
f 4698 4696 4798 4800
f 4801 4799 4697 4699
f 4700 4698 4800 4802
f 4803 4801 4699 4701
f 4702 4700 4802 4804
f 4805 4803 4701 4703
f 4704 4702 4804 4806
f 4807 4805 4703 4705
f 4706 4704 4806 4808
f 4809 4807 4705 4707
f 4708 4706 4808 4810
f 4811 4809 4707 4709
f 4710 4708 4810 4812
f 4813 4811 4709 4711
f 4712 4710 4812 4814
f 4815 4813 4711 4713
f 4714 4712 4814 4816
f 4817 4815 4713 4715
f 4716 4714 4816 4818
f 4819 4817 4715 4717
f 4718 4716 4818 4820
f 4821 4819 4717 4719
f 4720 4718 4820 4822
f 4823 4821 4719 4721
f 4722 4720 4822 4824
f 4825 4823 4721 4723
f 4724 4722 4824 4826
f 4827 4825 4723 4725
f 4726 4724 4826 4828
f 4829 4827 4725 4727
f 4728 4726 4828 4830
f 4831 4829 4727 4729
f 4730 4728 4830 4832
f 4833 4831 4729 4731
f 4732 4730 4832 4834
f 4835 4833 4731 4733
f 4734 4732 4834 4836
f 4837 4835 4733 4735
f 4736 4734 4836 4838
f 4839 4837 4735 4737
f 4738 4736 4838 4840
f 4841 4839 4737 4739
f 4740 4738 4840 4842
f 4843 4841 4739 4741
f 4742 4740 4842 4844
f 4845 4843 4741 4743
f 4744 4742 4844 4846
f 4847 4845 4743 4745
f 4746 4744 4846 4848
f 4849 4847 4745 4747
f 4748 4746 4848 4850
f 4851 4849 4747 4749
f 4750 4748 4850 4852
f 4853 4851 4749 4751
f 4752 4750 4852 4854
f 4855 4853 4751 4753
f 4754 4752 4854 4856
f 4857 4855 4753 4755
f 4756 4754 4856 4858
f 4859 4857 4755 4757
f 4758 4756 4858 4860
f 4861 4859 4757 4759
f 4760 4758 4860 4862
f 4863 4861 4759 4761
f 4762 4760 4862 4864
f 4865 4863 4761 4763
f 4764 4762 4864 4866
f 4867 4865 4763 4765
f 4766 4764 4866 4868
f 4869 4867 4765 4767
f 4768 4766 4868 4870
f 4871 4869 4767 4769
f 4770 4768 4870 4872
f 4873 4871 4769 4771
f 4772 4770 4872 4874
f 4875 4873 4771 4773
f 4774 4772 4874 4876
f 4877 4875 4773 4775
f 4776 4774 4876 4878
f 4879 4877 4775 4777
f 4778 4776 4878 4880
f 4881 4879 4777 4779
f 4780 4778 4880 4882
f 4883 4881 4779 4781
f 4782 4780 4882 4884
f 4885 4883 4781 4783
f 4784 4782 4884 4886
f 4887 4885 4783 4785
f 4786 4784 4886 4888
f 4889 4887 4785 4787
f 4788 4786 4888 4890
f 4891 4889 4787 4789
f 4790 4788 4890 4892
f 4893 4891 4789 4791
f 4792 4790 4892 4894
f 4895 4893 4791 4793
f 4794 4792 4894 4896
f 4899 4897 4795 4797
f 4798 4796 4898 4900
f 4901 4899 4797 4799
f 4800 4798 4900 4902
f 4903 4901 4799 4801
f 4802 4800 4902 4904
f 4905 4903 4801 4803
f 4804 4802 4904 4906
f 4907 4905 4803 4805
f 4806 4804 4906 4908
f 4909 4907 4805 4807
f 4808 4806 4908 4910
f 4911 4909 4807 4809
f 4810 4808 4910 4912
f 4913 4911 4809 4811
f 4812 4810 4912 4914
f 4915 4913 4811 4813
f 4814 4812 4914 4916
f 4917 4915 4813 4815
f 4816 4814 4916 4918
f 4919 4917 4815 4817
f 4818 4816 4918 4920
f 4921 4919 4817 4819
f 4820 4818 4920 4922
f 4923 4921 4819 4821
f 4822 4820 4922 4924
f 4925 4923 4821 4823
f 4824 4822 4924 4926
f 4927 4925 4823 4825
f 4826 4824 4926 4928
f 4929 4927 4825 4827
f 4828 4826 4928 4930
f 4931 4929 4827 4829
f 4830 4828 4930 4932
f 4933 4931 4829 4831
f 4832 4830 4932 4934
f 4935 4933 4831 4833
f 4834 4832 4934 4936
f 4937 4935 4833 4835
f 4836 4834 4936 4938
f 4939 4937 4835 4837
f 4838 4836 4938 4940
f 4941 4939 4837 4839
f 4840 4838 4940 4942
f 4943 4941 4839 4841
f 4842 4840 4942 4944
f 4945 4943 4841 4843
f 4844 4842 4944 4946
f 4947 4945 4843 4845
f 4846 4844 4946 4948
f 4949 4947 4845 4847
f 4848 4846 4948 4950
f 4951 4949 4847 4849
f 4850 4848 4950 4952
f 4953 4951 4849 4851
f 4852 4850 4952 4954
f 4955 4953 4851 4853
f 4854 4852 4954 4956
f 4957 4955 4853 4855
f 4856 4854 4956 4958
f 4959 4957 4855 4857
f 4858 4856 4958 4960
f 4961 4959 4857 4859
f 4860 4858 4960 4962
f 4963 4961 4859 4861
f 4862 4860 4962 4964
f 4965 4963 4861 4863
f 4864 4862 4964 4966
f 4967 4965 4863 4865
f 4866 4864 4966 4968
f 4969 4967 4865 4867
f 4868 4866 4968 4970
f 4971 4969 4867 4869
f 4870 4868 4970 4972
f 4973 4971 4869 4871
f 4872 4870 4972 4974
f 4975 4973 4871 4873
f 4874 4872 4974 4976
f 4977 4975 4873 4875
f 4876 4874 4976 4978
f 4979 4977 4875 4877
f 4878 4876 4978 4980
f 4981 4979 4877 4879
f 4880 4878 4980 4982
f 4983 4981 4879 4881
f 4882 4880 4982 4984
f 4985 4983 4881 4883
f 4884 4882 4984 4986
f 4987 4985 4883 4885
f 4886 4884 4986 4988
f 4989 4987 4885 4887
f 4888 4886 4988 4990
f 4991 4989 4887 4889
f 4890 4888 4990 4992
f 4993 4991 4889 4891
f 4892 4890 4992 4994
f 4995 4993 4891 4893
f 4894 4892 4994 4996
f 4997 4995 4893 4895
f 4896 4894 4996 4998
f 5001 4999 4897 4899
f 4900 4898 5000 5002
f 5003 5001 4899 4901
f 4902 4900 5002 5004
f 5005 5003 4901 4903
f 4904 4902 5004 5006
f 5007 5005 4903 4905
f 4906 4904 5006 5008
f 5009 5007 4905 4907
f 4908 4906 5008 5010
f 5011 5009 4907 4909
f 4910 4908 5010 5012
f 5013 5011 4909 4911
f 4912 4910 5012 5014
f 5015 5013 4911 4913
f 4914 4912 5014 5016
f 5017 5015 4913 4915
f 4916 4914 5016 5018
f 5019 5017 4915 4917
f 4918 4916 5018 5020
f 5021 5019 4917 4919
f 4920 4918 5020 5022
f 5023 5021 4919 4921
f 4922 4920 5022 5024
f 5025 5023 4921 4923
f 4924 4922 5024 5026
f 5027 5025 4923 4925
f 4926 4924 5026 5028
f 5029 5027 4925 4927
f 4928 4926 5028 5030
f 5031 5029 4927 4929
f 4930 4928 5030 5032
f 5033 5031 4929 4931
f 4932 4930 5032 5034
f 5035 5033 4931 4933
f 4934 4932 5034 5036
f 5037 5035 4933 4935
f 4936 4934 5036 5038
f 5039 5037 4935 4937
f 4938 4936 5038 5040
f 5041 5039 4937 4939
f 4940 4938 5040 5042
f 5043 5041 4939 4941
f 4942 4940 5042 5044
f 5045 5043 4941 4943
f 4944 4942 5044 5046
f 5047 5045 4943 4945
f 4946 4944 5046 5048
f 5049 5047 4945 4947
f 4948 4946 5048 5050
f 5051 5049 4947 4949
f 4950 4948 5050 5052
f 5053 5051 4949 4951
f 4952 4950 5052 5054
f 5055 5053 4951 4953
f 4954 4952 5054 5056
f 5057 5055 4953 4955
f 4956 4954 5056 5058
f 5059 5057 4955 4957
f 4958 4956 5058 5060
f 5061 5059 4957 4959
f 4960 4958 5060 5062
f 5063 5061 4959 4961
f 4962 4960 5062 5064
f 5065 5063 4961 4963
f 4964 4962 5064 5066
f 5067 5065 4963 4965
f 4966 4964 5066 5068
f 5069 5067 4965 4967
f 4968 4966 5068 5070
f 5071 5069 4967 4969
f 4970 4968 5070 5072
f 5073 5071 4969 4971
f 4972 4970 5072 5074
f 5075 5073 4971 4973
f 4974 4972 5074 5076
f 5077 5075 4973 4975
f 4976 4974 5076 5078
f 5079 5077 4975 4977
f 4978 4976 5078 5080
f 5081 5079 4977 4979
f 4980 4978 5080 5082
f 5083 5081 4979 4981
f 4982 4980 5082 5084
f 5085 5083 4981 4983
f 4984 4982 5084 5086
f 5087 5085 4983 4985
f 4986 4984 5086 5088
f 5089 5087 4985 4987
f 4988 4986 5088 5090
f 5091 5089 4987 4989
f 4990 4988 5090 5092
f 5093 5091 4989 4991
f 4992 4990 5092 5094
f 5095 5093 4991 4993
f 4994 4992 5094 5096
f 5097 5095 4993 4995
f 4996 4994 5096 5098
f 5099 5097 4995 4997
f 4998 4996 5098 5100
f 5103 5101 4999 5001
f 5002 5000 5102 5104
f 5105 5103 5001 5003
f 5004 5002 5104 5106
f 5107 5105 5003 5005
f 5006 5004 5106 5108
f 5109 5107 5005 5007
f 5008 5006 5108 5110
f 5111 5109 5007 5009
f 5010 5008 5110 5112
f 5113 5111 5009 5011
f 5012 5010 5112 5114
f 5115 5113 5011 5013
f 5014 5012 5114 5116
f 5117 5115 5013 5015
f 5016 5014 5116 5118
f 5119 5117 5015 5017
f 5018 5016 5118 5120
f 5121 5119 5017 5019
f 5020 5018 5120 5122
f 5123 5121 5019 5021
f 5022 5020 5122 5124
f 5125 5123 5021 5023
f 5024 5022 5124 5126
f 5127 5125 5023 5025
f 5026 5024 5126 5128
f 5129 5127 5025 5027
f 5028 5026 5128 5130
f 5131 5129 5027 5029
f 5030 5028 5130 5132
f 5133 5131 5029 5031
f 5032 5030 5132 5134
f 5135 5133 5031 5033
f 5034 5032 5134 5136
f 5137 5135 5033 5035
f 5036 5034 5136 5138
f 5139 5137 5035 5037
f 5038 5036 5138 5140
f 5141 5139 5037 5039
f 5040 5038 5140 5142
f 5143 5141 5039 5041
f 5042 5040 5142 5144
f 5145 5143 5041 5043
f 5044 5042 5144 5146
f 5147 5145 5043 5045
f 5046 5044 5146 5148
f 5149 5147 5045 5047
f 5048 5046 5148 5150
f 5151 5149 5047 5049
f 5050 5048 5150 5152
f 5153 5151 5049 5051
f 5052 5050 5152 5154
f 5155 5153 5051 5053
f 5054 5052 5154 5156
f 5157 5155 5053 5055
f 5056 5054 5156 5158
f 5159 5157 5055 5057
f 5058 5056 5158 5160
f 5161 5159 5057 5059
f 5060 5058 5160 5162
f 5163 5161 5059 5061
f 5062 5060 5162 5164
f 5165 5163 5061 5063
f 5064 5062 5164 5166
f 5167 5165 5063 5065
f 5066 5064 5166 5168
f 5169 5167 5065 5067
f 5068 5066 5168 5170
f 5171 5169 5067 5069
f 5070 5068 5170 5172
f 5173 5171 5069 5071
f 5072 5070 5172 5174
f 5175 5173 5071 5073
f 5074 5072 5174 5176
f 5177 5175 5073 5075
f 5076 5074 5176 5178
f 5179 5177 5075 5077
f 5078 5076 5178 5180
f 5181 5179 5077 5079
f 5080 5078 5180 5182
f 5183 5181 5079 5081
f 5082 5080 5182 5184
f 5185 5183 5081 5083
f 5084 5082 5184 5186
f 5187 5185 5083 5085
f 5086 5084 5186 5188
f 5189 5187 5085 5087
f 5088 5086 5188 5190
f 5191 5189 5087 5089
f 5090 5088 5190 5192
f 5193 5191 5089 5091
f 5092 5090 5192 5194
f 5195 5193 5091 5093
f 5094 5092 5194 5196
f 5197 5195 5093 5095
f 5096 5094 5196 5198
f 5199 5197 5095 5097
f 5098 5096 5198 5200
f 5201 5199 5097 5099
f 5100 5098 5200 5202
